"site_name","directions","quadrant","fetch"
"Bordelais Island",0,"North",11469.2169684283
"Bordelais Island",10,"North",100000.108063592
"Bordelais Island",20,"North",766.920590871929
"Bordelais Island",30,"North",614.648448032996
"Bordelais Island",40,"North",526.165398781439
"Bordelais Island",50,"East",472.502244625922
"Bordelais Island",60,"East",442.113311394453
"Bordelais Island",70,"East",556.200208696535
"Bordelais Island",80,"East",5456.52867391301
"Bordelais Island",90,"East",4433.62561637512
"Bordelais Island",100,"East",3419.56473565628
"Bordelais Island",110,"East",3354.96585408309
"Bordelais Island",120,"East",3625.7509364374
"Bordelais Island",130,"East",100000.30988802
"Bordelais Island",140,"South",100000.312538762
"Bordelais Island",150,"South",100000.215032269
"Bordelais Island",160,"South",100000.107774392
"Bordelais Island",170,"South",100000.108063592
"Bordelais Island",180,"South",102.892742106988
"Bordelais Island",190,"South",68.8235277439564
"Bordelais Island",200,"South",52.9114429779917
"Bordelais Island",210,"South",44.0628868373586
"Bordelais Island",220,"South",38.7587884761205
"Bordelais Island",230,"West",35.5588205896922
"Bordelais Island",240,"West",33.7955044591657
"Bordelais Island",250,"West",33.1587125787342
"Bordelais Island",260,"West",33.5459114701234
"Bordelais Island",270,"West",35.0188703555614
"Bordelais Island",280,"West",37.8293433617824
"Bordelais Island",290,"West",42.5355048844568
"Bordelais Island",300,"West",50.3253847569218
"Bordelais Island",310,"West",63.9883079759545
"Bordelais Island",320,"North",91.6576204911947
"Bordelais Island",330,"North",170.620008950814
"Bordelais Island",340,"North",99999.8597236016
"Bordelais Island",350,"North",10089.1892194704
"Cable Beach (Blow Hole)",0,"North",5315.74879300755
"Cable Beach (Blow Hole)",10,"North",6020.04099006332
"Cable Beach (Blow Hole)",20,"North",6965.19650824017
"Cable Beach (Blow Hole)",30,"North",9182.37858422576
"Cable Beach (Blow Hole)",40,"North",1303.78810180986
"Cable Beach (Blow Hole)",50,"East",789.810453144608
"Cable Beach (Blow Hole)",60,"East",387.040507449899
"Cable Beach (Blow Hole)",70,"East",344.872758845162
"Cable Beach (Blow Hole)",80,"East",329.808296185884
"Cable Beach (Blow Hole)",90,"East",137.911038595485
"Cable Beach (Blow Hole)",100,"East",64.1054419914025
"Cable Beach (Blow Hole)",110,"East",42.6010776420442
"Cable Beach (Blow Hole)",120,"East",32.6427607325183
"Cable Beach (Blow Hole)",130,"East",27.1260891577819
"Cable Beach (Blow Hole)",140,"South",23.8236880976755
"Cable Beach (Blow Hole)",150,"South",21.8293917512559
"Cable Beach (Blow Hole)",160,"South",20.7242478851023
"Cable Beach (Blow Hole)",170,"South",20.3130710226536
"Cable Beach (Blow Hole)",180,"South",20.5295363254159
"Cable Beach (Blow Hole)",190,"South",21.4081470218686
"Cable Beach (Blow Hole)",200,"South",23.098545702408
"Cable Beach (Blow Hole)",210,"South",25.9343418518283
"Cable Beach (Blow Hole)",220,"South",30.6246421968573
"Cable Beach (Blow Hole)",230,"West",38.8261527160093
"Cable Beach (Blow Hole)",240,"West",99999.6186213227
"Cable Beach (Blow Hole)",250,"West",99999.6548554544
"Cable Beach (Blow Hole)",260,"West",5129.51460641638
"Cable Beach (Blow Hole)",270,"West",3793.7810902982
"Cable Beach (Blow Hole)",280,"West",2681.44487375211
"Cable Beach (Blow Hole)",290,"West",2292.6586869678
"Cable Beach (Blow Hole)",300,"West",2145.9715265936
"Cable Beach (Blow Hole)",310,"West",2389.47988709392
"Cable Beach (Blow Hole)",320,"North",2703.71599151063
"Cable Beach (Blow Hole)",330,"North",12301.0233848062
"Cable Beach (Blow Hole)",340,"North",2658.73669088736
"Cable Beach (Blow Hole)",350,"North",2442.53233798916
"Danvers Danger Rock",0,"North",2113.56239888441
"Danvers Danger Rock",10,"North",2249.06322485045
"Danvers Danger Rock",20,"North",3654.66463948256
"Danvers Danger Rock",30,"North",99999.8150315289
"Danvers Danger Rock",40,"North",99999.7983078466
"Danvers Danger Rock",50,"East",99999.8379352686
"Danvers Danger Rock",60,"East",1448.38139349866
"Danvers Danger Rock",70,"East",139.957275987059
"Danvers Danger Rock",80,"East",129.045219495946
"Danvers Danger Rock",90,"East",123.18384014396
"Danvers Danger Rock",100,"East",121.359021797837
"Danvers Danger Rock",110,"East",123.278573513158
"Danvers Danger Rock",120,"East",129.250160911282
"Danvers Danger Rock",130,"East",140.310036656871
"Danvers Danger Rock",140,"South",158.713524257316
"Danvers Danger Rock",150,"South",189.293338624007
"Danvers Danger Rock",160,"South",243.639084539015
"Danvers Danger Rock",170,"South",339.13858475199
"Danvers Danger Rock",180,"South",434.902668152972
"Danvers Danger Rock",190,"South",632.822498188329
"Danvers Danger Rock",200,"South",1165.07488179758
"Danvers Danger Rock",210,"South",1401.86328095421
"Danvers Danger Rock",220,"South",5492.0608468012
"Danvers Danger Rock",230,"West",100000.220957406
"Danvers Danger Rock",240,"West",5929.17390494193
"Danvers Danger Rock",250,"West",100000.218671011
"Danvers Danger Rock",260,"West",5331.01659998806
"Danvers Danger Rock",270,"West",4111.13413922908
"Danvers Danger Rock",280,"West",2797.49055187942
"Danvers Danger Rock",290,"West",2393.66171743837
"Danvers Danger Rock",300,"West",2366.72349763455
"Danvers Danger Rock",310,"West",2339.50729331226
"Danvers Danger Rock",320,"North",2397.91977592314
"Danvers Danger Rock",330,"North",2103.19213554593
"Danvers Danger Rock",340,"North",2143.39802781218
"Danvers Danger Rock",350,"North",2136.43382452367
"Dixon Island Back (Bay)",0,"North",4180.07452967185
"Dixon Island Back (Bay)",10,"North",4489.88557421834
"Dixon Island Back (Bay)",20,"North",4994.18974569948
"Dixon Island Back (Bay)",30,"North",99999.8016348532
"Dixon Island Back (Bay)",40,"North",1181.80081980632
"Dixon Island Back (Bay)",50,"East",874.063188083798
"Dixon Island Back (Bay)",60,"East",635.220986805965
"Dixon Island Back (Bay)",70,"East",511.092060529316
"Dixon Island Back (Bay)",80,"East",438.69587999226
"Dixon Island Back (Bay)",90,"East",394.771569312317
"Dixon Island Back (Bay)",100,"East",369.035057193464
"Dixon Island Back (Bay)",110,"East",351.34420879196
"Dixon Island Back (Bay)",120,"East",335.209280328101
"Dixon Island Back (Bay)",130,"East",306.620881843994
"Dixon Island Back (Bay)",140,"South",290.460978311828
"Dixon Island Back (Bay)",150,"South",284.119872994254
"Dixon Island Back (Bay)",160,"South",286.571078575918
"Dixon Island Back (Bay)",170,"South",298.204649672038
"Dixon Island Back (Bay)",180,"South",320.9884452566
"Dixon Island Back (Bay)",190,"South",359.364055874942
"Dixon Island Back (Bay)",200,"South",422.751015706873
"Dixon Island Back (Bay)",210,"South",532.949252204627
"Dixon Island Back (Bay)",220,"South",83.2476770618593
"Dixon Island Back (Bay)",230,"West",70.3962681311413
"Dixon Island Back (Bay)",240,"West",73.6282793611494
"Dixon Island Back (Bay)",250,"West",79.7098216463787
"Dixon Island Back (Bay)",260,"West",89.8627145541882
"Dixon Island Back (Bay)",270,"West",106.69451561966
"Dixon Island Back (Bay)",280,"West",136.383907008989
"Dixon Island Back (Bay)",290,"West",197.27201290619
"Dixon Island Back (Bay)",300,"West",11828.9455961405
"Dixon Island Back (Bay)",310,"West",3524.23110538734
"Dixon Island Back (Bay)",320,"North",3454.43929228117
"Dixon Island Back (Bay)",330,"North",3469.0596928605
"Dixon Island Back (Bay)",340,"North",3198.43926336608
"Dixon Island Back (Bay)",350,"North",3454.25509419164
"Dodger Channel 1",0,"North",497.829112135946
"Dodger Channel 1",10,"North",453.933557364307
"Dodger Channel 1",20,"North",401.128398230513
"Dodger Channel 1",30,"North",261.882430287646
"Dodger Channel 1",40,"North",198.88543520748
"Dodger Channel 1",50,"East",164.344903404025
"Dodger Channel 1",60,"East",143.747918834105
"Dodger Channel 1",70,"East",131.283371916269
"Dodger Channel 1",80,"East",124.282910876345
"Dodger Channel 1",90,"East",123.170460620197
"Dodger Channel 1",100,"East",136.66477107337
"Dodger Channel 1",110,"East",158.901883892697
"Dodger Channel 1",120,"East",2498.32986101495
"Dodger Channel 1",130,"East",2430.65430160869
"Dodger Channel 1",140,"South",2202.57683127402
"Dodger Channel 1",150,"South",2106.36179609996
"Dodger Channel 1",160,"South",2240.23644906357
"Dodger Channel 1",170,"South",3282.43390140841
"Dodger Channel 1",180,"South",100000.0000008
"Dodger Channel 1",190,"South",99999.9691444452
"Dodger Channel 1",200,"South",99999.9281268741
"Dodger Channel 1",210,"South",99999.8516344899
"Dodger Channel 1",220,"South",99999.8106338707
"Dodger Channel 1",230,"West",192.048759296226
"Dodger Channel 1",240,"West",160.490826645814
"Dodger Channel 1",250,"West",141.534092255619
"Dodger Channel 1",260,"West",130.118466635525
"Dodger Channel 1",270,"West",123.890299922554
"Dodger Channel 1",280,"West",121.761818546495
"Dodger Channel 1",290,"West",123.391113361091
"Dodger Channel 1",300,"West",129.038577201294
"Dodger Channel 1",310,"West",139.67530103144
"Dodger Channel 1",320,"North",176.659864163278
"Dodger Channel 1",330,"North",443.927322282551
"Dodger Channel 1",340,"North",806.881364568851
"Dodger Channel 1",350,"North",570.306964799595
"Dodger Channel 2",0,"North",21.9575467806536
"Dodger Channel 2",10,"North",18.2547738093827
"Dodger Channel 2",20,"North",16.0375932528313
"Dodger Channel 2",30,"North",14.6989172085716
"Dodger Channel 2",40,"North",13.9579360698158
"Dodger Channel 2",50,"East",13.6839018336276
"Dodger Channel 2",60,"East",13.832623819171
"Dodger Channel 2",70,"East",14.4278142910389
"Dodger Channel 2",80,"East",15.5709116906419
"Dodger Channel 2",90,"East",17.4878026163206
"Dodger Channel 2",100,"East",20.6587450277515
"Dodger Channel 2",110,"East",26.2069595139134
"Dodger Channel 2",120,"East",37.3824551675798
"Dodger Channel 2",130,"East",68.8208185891135
"Dodger Channel 2",140,"South",912.222918970295
"Dodger Channel 2",150,"South",3156.86014226768
"Dodger Channel 2",160,"South",480.802590927647
"Dodger Channel 2",170,"South",449.348669203745
"Dodger Channel 2",180,"South",434.138629657899
"Dodger Channel 2",190,"South",432.639677676481
"Dodger Channel 2",200,"South",444.613954251274
"Dodger Channel 2",210,"South",472.020304127689
"Dodger Channel 2",220,"South",789.242318826719
"Dodger Channel 2",230,"West",823.495215358532
"Dodger Channel 2",240,"West",889.096018096859
"Dodger Channel 2",250,"West",999.036695370636
"Dodger Channel 2",260,"West",441.662720374315
"Dodger Channel 2",270,"West",384.074362157844
"Dodger Channel 2",280,"West",415.498674846608
"Dodger Channel 2",290,"West",527.441727214125
"Dodger Channel 2",300,"West",99999.8784287261
"Dodger Channel 2",310,"West",99999.9911439996
"Dodger Channel 2",320,"North",100000.0034697
"Dodger Channel 2",330,"North",92.1694839548272
"Dodger Channel 2",340,"North",43.032456230068
"Dodger Channel 2",350,"North",28.6361598064776
"Flemming 114",0,"North",54.4045619141239
"Flemming 114",10,"North",70.7753604096323
"Flemming 114",20,"North",105.83921079596
"Flemming 114",30,"North",285.353564926372
"Flemming 114",40,"North",308.454199055194
"Flemming 114",50,"East",347.100155130397
"Flemming 114",60,"East",411.097360257459
"Flemming 114",70,"East",688.278569215652
"Flemming 114",80,"East",99999.5288345401
"Flemming 114",90,"East",99999.6000000001
"Flemming 114",100,"East",4641.96708297271
"Flemming 114",110,"East",3229.76310307965
"Flemming 114",120,"East",2756.82476943142
"Flemming 114",130,"East",2376.61704344302
"Flemming 114",140,"South",2625.26787083995
"Flemming 114",150,"South",2845.76571709451
"Flemming 114",160,"South",2959.42296168585
"Flemming 114",170,"South",3660.177980537
"Flemming 114",180,"South",4472.50807324062
"Flemming 114",190,"South",4898.13464787024
"Flemming 114",200,"South",6705.33547965299
"Flemming 114",210,"South",100000.165031914
"Flemming 114",220,"South",658.954091797857
"Flemming 114",230,"West",175.155492040494
"Flemming 114",240,"West",94.1541640408577
"Flemming 114",250,"West",65.7468667732189
"Flemming 114",260,"West",51.7151855922233
"Flemming 114",270,"West",43.7139819141012
"Flemming 114",280,"West",38.8799402351078
"Flemming 114",290,"West",35.9933020678915
"Flemming 114",300,"West",34.4809441419244
"Flemming 114",310,"West",34.0844233446649
"Flemming 114",320,"North",34.7404856762241
"Flemming 114",330,"North",36.5547951960236
"Flemming 114",340,"North",39.8464719861221
"Flemming 114",350,"North",45.3022923795031
"Less Dangerous Bay",0,"North",2311.89021251982
"Less Dangerous Bay",10,"North",2499.08774014967
"Less Dangerous Bay",20,"North",170.447747678565
"Less Dangerous Bay",30,"North",87.0866631723221
"Less Dangerous Bay",40,"North",59.7019605348195
"Less Dangerous Bay",50,"East",46.4943663079109
"Less Dangerous Bay",60,"East",39.0433030050424
"Less Dangerous Bay",70,"East",34.5555131074052
"Less Dangerous Bay",80,"East",31.8613199557304
"Less Dangerous Bay",90,"East",30.4141339650378
"Less Dangerous Bay",100,"East",29.963585654775
"Less Dangerous Bay",110,"East",30.4375218086469
"Less Dangerous Bay",120,"East",31.9119048742438
"Less Dangerous Bay",130,"East",34.6425696583447
"Less Dangerous Bay",140,"South",39.1863790856106
"Less Dangerous Bay",150,"South",46.7365442135473
"Less Dangerous Bay",160,"South",60.154344048828
"Less Dangerous Bay",170,"South",88.1356803309674
"Less Dangerous Bay",180,"South",147.871362192968
"Less Dangerous Bay",190,"South",215.166027871113
"Less Dangerous Bay",200,"South",418.183010206501
"Less Dangerous Bay",210,"South",1054.44343827639
"Less Dangerous Bay",220,"South",1551.80826877843
"Less Dangerous Bay",230,"West",100000.080074218
"Less Dangerous Bay",240,"West",5928.06929813854
"Less Dangerous Bay",250,"West",8387.17264303343
"Less Dangerous Bay",260,"West",5389.02714679577
"Less Dangerous Bay",270,"West",4306.77310674055
"Less Dangerous Bay",280,"West",3159.0936553255
"Less Dangerous Bay",290,"West",2741.52723576507
"Less Dangerous Bay",300,"West",2503.62925050566
"Less Dangerous Bay",310,"West",2501.40547777814
"Less Dangerous Bay",320,"North",100000.132027213
"Less Dangerous Bay",330,"North",2306.29946067269
"Less Dangerous Bay",340,"North",2333.33546941031
"Less Dangerous Bay",350,"North",2300.34585037762
"Nanat Bay",0,"North",391.630549092185
"Nanat Bay",10,"North",3157.74724601736
"Nanat Bay",20,"North",331.076164874016
"Nanat Bay",30,"North",282.353953497905
"Nanat Bay",40,"North",252.828997165976
"Nanat Bay",50,"East",235.368606522817
"Nanat Bay",60,"East",226.604557171527
"Nanat Bay",70,"East",225.062599768955
"Nanat Bay",80,"East",136.247268772032
"Nanat Bay",90,"East",69.6885297398549
"Nanat Bay",100,"East",47.793001043377
"Nanat Bay",110,"East",37.2276048993858
"Nanat Bay",120,"East",31.2658188931047
"Nanat Bay",130,"East",27.6747183434926
"Nanat Bay",140,"South",25.5190566740084
"Nanat Bay",150,"South",24.3616752858515
"Nanat Bay",160,"South",24.0023732456011
"Nanat Bay",170,"South",24.3836293054892
"Nanat Bay",180,"South",25.5665553577427
"Nanat Bay",190,"South",27.756474197001
"Nanat Bay",200,"South",31.4001566744667
"Nanat Bay",210,"South",37.4550642472011
"Nanat Bay",220,"South",48.2180944309691
"Nanat Bay",230,"West",70.6744001815823
"Nanat Bay",240,"West",140.257292849126
"Nanat Bay",250,"West",1048.71912364081
"Nanat Bay",260,"West",6506.17305232128
"Nanat Bay",270,"West",3957.37248574337
"Nanat Bay",280,"West",3316.56438807948
"Nanat Bay",290,"West",3134.16249098508
"Nanat Bay",300,"West",2749.65740457459
"Nanat Bay",310,"West",2463.97029054696
"Nanat Bay",320,"North",2137.21874122791
"Nanat Bay",330,"North",2002.14564766886
"Nanat Bay",340,"North",1952.19917596013
"Nanat Bay",350,"North",397.473696996581
"North Helby Rock",0,"North",1089.46058633338
"North Helby Rock",10,"North",1995.07179763174
"North Helby Rock",20,"North",2346.09537295962
"North Helby Rock",30,"North",2992.65716200614
"North Helby Rock",40,"North",3782.50816815371
"North Helby Rock",50,"East",7269.94186082486
"North Helby Rock",60,"East",100000.051633787
"North Helby Rock",70,"East",5663.71472374204
"North Helby Rock",80,"East",4521.17278872789
"North Helby Rock",90,"East",3317.13829799765
"North Helby Rock",100,"East",3127.42438655556
"North Helby Rock",110,"East",2903.30469135316
"North Helby Rock",120,"East",2872.39316999773
"North Helby Rock",130,"East",3200.35685728185
"North Helby Rock",140,"South",2533.13926384909
"North Helby Rock",150,"South",282.75824135069
"North Helby Rock",160,"South",177.588393863632
"North Helby Rock",170,"South",132.374720588446
"North Helby Rock",180,"South",108.13042036298
"North Helby Rock",190,"South",93.8008901620855
"North Helby Rock",200,"South",85.108300254944
"North Helby Rock",210,"South",80.1180701303853
"North Helby Rock",220,"South",77.9169330060681
"North Helby Rock",230,"West",78.1444063133062
"North Helby Rock",240,"West",80.8365922371387
"North Helby Rock",250,"West",86.4410801808574
"North Helby Rock",260,"West",96.0153050734771
"North Helby Rock",270,"West",111.794483100995
"North Helby Rock",280,"West",138.827659711209
"North Helby Rock",290,"West",180.212768624682
"North Helby Rock",300,"West",259.457213386586
"North Helby Rock",310,"West",99999.9268652233
"North Helby Rock",320,"North",99999.9268652232
"North Helby Rock",330,"North",99999.9150312639
"North Helby Rock",340,"North",1209.60717514633
"North Helby Rock",350,"North",1098.66188552763
"Ross Islet 2",0,"North",431.143386280095
"Ross Islet 2",10,"North",237.705728921529
"Ross Islet 2",20,"North",167.601643041929
"Ross Islet 2",30,"North",132.540122249527
"Ross Islet 2",40,"North",112.435405068494
"Ross Islet 2",50,"East",100.272096048885
"Ross Islet 2",60,"East",93.0344359657702
"Ross Islet 2",70,"East",92.3944603986273
"Ross Islet 2",80,"East",6589.37945372231
"Ross Islet 2",90,"East",5076.41479866765
"Ross Islet 2",100,"East",4340.6245236625
"Ross Islet 2",110,"East",4353.69508912731
"Ross Islet 2",120,"East",4320.06981755043
"Ross Islet 2",130,"East",3775.83691714889
"Ross Islet 2",140,"South",3862.47360066027
"Ross Islet 2",150,"South",4324.98647783789
"Ross Islet 2",160,"South",4100.2871856178
"Ross Islet 2",170,"South",4796.46666556875
"Ross Islet 2",180,"South",2303.15181949607
"Ross Islet 2",190,"South",474.767375960083
"Ross Islet 2",200,"South",254.472021648202
"Ross Islet 2",210,"South",177.502824195323
"Ross Islet 2",220,"South",162.13050951069
"Ross Islet 2",230,"West",154.9920266745
"Ross Islet 2",240,"West",152.905667807906
"Ross Islet 2",250,"West",155.537898241481
"Ross Islet 2",260,"West",163.311392386154
"Ross Islet 2",270,"West",177.582321602385
"Ross Islet 2",280,"West",201.287798954706
"Ross Islet 2",290,"West",240.738856135493
"Ross Islet 2",300,"West",7835.23862559845
"Ross Islet 2",310,"West",100000.080074218
"Ross Islet 2",320,"North",7315.53045143929
"Ross Islet 2",330,"North",100000.065031429
"Ross Islet 2",340,"North",100000.0051674
"Ross Islet 2",350,"North",99999.957487441
"Ross Islet Slug Island",0,"North",257.12678562873
"Ross Islet Slug Island",10,"North",267.686259772227
"Ross Islet Slug Island",20,"North",288.284688271593
"Ross Islet Slug Island",30,"North",558.663277428405
"Ross Islet Slug Island",40,"North",628.660666722716
"Ross Islet Slug Island",50,"East",744.575314623915
"Ross Islet Slug Island",60,"East",2381.70653256656
"Ross Islet Slug Island",70,"East",100000.064934479
"Ross Islet Slug Island",80,"East",5742.87957150907
"Ross Islet Slug Island",90,"East",4746.682745734
"Ross Islet Slug Island",100,"East",3980.83535487734
"Ross Islet Slug Island",110,"East",4073.62869870905
"Ross Islet Slug Island",120,"East",3402.69677406681
"Ross Islet Slug Island",130,"East",3478.08268601897
"Ross Islet Slug Island",140,"South",3544.27264332015
"Ross Islet Slug Island",150,"South",3829.10225363557
"Ross Islet Slug Island",160,"South",3765.80316205216
"Ross Islet Slug Island",170,"South",4317.50951663006
"Ross Islet Slug Island",180,"South",5079.17613097152
"Ross Islet Slug Island",190,"South",1965.25943824123
"Ross Islet Slug Island",200,"South",1780.57875889676
"Ross Islet Slug Island",210,"South",1925.38283003519
"Ross Islet Slug Island",220,"South",449.18673497351
"Ross Islet Slug Island",230,"West",379.540111673466
"Ross Islet Slug Island",240,"West",337.469135129885
"Ross Islet Slug Island",250,"West",312.337463297075
"Ross Islet Slug Island",260,"West",299.149091473275
"Ross Islet Slug Island",270,"West",295.648530874401
"Ross Islet Slug Island",280,"West",301.277258698539
"Ross Islet Slug Island",290,"West",355.665764069273
"Ross Islet Slug Island",300,"West",459.740852252053
"Ross Islet Slug Island",310,"West",99999.9911439996
"Ross Islet Slug Island",320,"North",100000.067748427
"Ross Islet Slug Island",330,"North",100000.051633787
"Ross Islet Slug Island",340,"North",260.390587160655
"Ross Islet Slug Island",350,"North",254.817430206662
"Second Beach",0,"North",3487.88567162955
"Second Beach",10,"North",3510.63758150514
"Second Beach",20,"North",7677.05115464357
"Second Beach",30,"North",10040.9718684784
"Second Beach",40,"North",99999.7340292462
"Second Beach",50,"East",775.450507940306
"Second Beach",60,"East",405.95981433509
"Second Beach",70,"East",369.302752976097
"Second Beach",80,"East",348.427561743425
"Second Beach",90,"East",339.551272032782
"Second Beach",100,"East",341.226482330392
"Second Beach",110,"East",353.719245903641
"Second Beach",120,"East",321.733917157865
"Second Beach",130,"East",203.086091941862
"Second Beach",140,"South",151.738973434038
"Second Beach",150,"South",124.127083251601
"Second Beach",160,"South",107.78798076551
"Second Beach",170,"South",97.8780758122973
"Second Beach",180,"South",92.2026109394576
"Second Beach",190,"South",89.7261156794042
"Second Beach",200,"South",90.0435314186504
"Second Beach",210,"South",93.2052412402776
"Second Beach",220,"South",99.7378318548449
"Second Beach",230,"West",110.878033963718
"Second Beach",240,"West",129.240424548726
"Second Beach",250,"West",160.745388895126
"Second Beach",260,"West",221.459494020703
"Second Beach",270,"West",4108.20885279053
"Second Beach",280,"West",3335.20378208827
"Second Beach",290,"West",2987.20726716737
"Second Beach",300,"West",2682.39235659647
"Second Beach",310,"West",2243.68282582421
"Second Beach",320,"North",1994.41668488197
"Second Beach",330,"North",2155.93182694115
"Second Beach",340,"North",2577.38989860736
"Second Beach",350,"North",100000.073333223
"Taylor Rock",0,"North",213.615997561042
"Taylor Rock",10,"North",232.810907225798
"Taylor Rock",20,"North",878.003646082407
"Taylor Rock",30,"North",657.786733387131
"Taylor Rock",40,"North",506.027061355244
"Taylor Rock",50,"East",483.663590472825
"Taylor Rock",60,"East",576.829977293687
"Taylor Rock",70,"East",5083.30066761835
"Taylor Rock",80,"East",3503.14265128747
"Taylor Rock",90,"East",3064.83833956765
"Taylor Rock",100,"East",2535.14293963798
"Taylor Rock",110,"East",2516.85872243638
"Taylor Rock",120,"East",2379.6524753748
"Taylor Rock",130,"East",1975.92359707665
"Taylor Rock",140,"South",1899.2391812371
"Taylor Rock",150,"South",1951.28372175322
"Taylor Rock",160,"South",2304.71145393658
"Taylor Rock",170,"South",3007.92210291827
"Taylor Rock",180,"South",100000.0000008
"Taylor Rock",190,"South",99999.9517799884
"Taylor Rock",200,"South",99999.8939251937
"Taylor Rock",210,"South",99999.8516344899
"Taylor Rock",220,"South",99999.8106338707
"Taylor Rock",230,"West",99999.7613309652
"Taylor Rock",240,"West",99999.7052237655
"Taylor Rock",250,"West",1300.92397709222
"Taylor Rock",260,"West",1091.90081511328
"Taylor Rock",270,"West",934.890445308993
"Taylor Rock",280,"West",627.012951284785
"Taylor Rock",290,"West",520.787246807047
"Taylor Rock",300,"West",510.115834760655
"Taylor Rock",310,"West",515.213198495523
"Taylor Rock",320,"North",536.891418444281
"Taylor Rock",330,"North",578.834323736402
"Taylor Rock",340,"North",199.238601786681
"Taylor Rock",350,"North",203.044666649379
"Turf Island 2",0,"North",100000.00000045
"Turf Island 2",10,"North",100000.073333223
"Turf Island 2",20,"North",100000.133338811
"Turf Island 2",30,"North",100000.115031634
"Turf Island 2",40,"North",626.719807425792
"Turf Island 2",50,"East",539.953451623678
"Turf Island 2",60,"East",487.295868055612
"Turf Island 2",70,"East",445.338578861209
"Turf Island 2",80,"East",373.875901225301
"Turf Island 2",90,"East",330.839203193085
"Turf Island 2",100,"East",304.99813191524
"Turf Island 2",110,"East",291.105554454131
"Turf Island 2",120,"East",286.756803701846
"Turf Island 2",130,"East",291.25544315225
"Turf Island 2",140,"South",298.380607868781
"Turf Island 2",150,"South",200.371650473916
"Turf Island 2",160,"South",149.914039840152
"Turf Island 2",170,"South",122.735991846022
"Turf Island 2",180,"South",106.642897663303
"Turf Island 2",190,"South",96.8833318046676
"Turf Island 2",200,"South",91.3018698721356
"Turf Island 2",210,"South",88.8819995424215
"Turf Island 2",220,"South",89.2282650884017
"Turf Island 2",230,"West",92.3956129575231
"Turf Island 2",240,"West",98.9121380369498
"Turf Island 2",250,"West",110.013989389459
"Turf Island 2",260,"West",128.314780804219
"Turf Island 2",270,"West",159.741360147018
"Turf Island 2",280,"West",220.424863367175
"Turf Island 2",290,"West",8029.17538444153
"Turf Island 2",300,"West",7422.29473124207
"Turf Island 2",310,"West",99999.8379352686
"Turf Island 2",320,"North",99999.8749124218
"Turf Island 2",330,"North",99999.8150315289
"Turf Island 2",340,"North",99999.9281268741
"Turf Island 2",350,"North",99999.9691444452
"Wizard Islet North",0,"North",1513.80293057632
"Wizard Islet North",10,"North",1754.87917924446
"Wizard Islet North",20,"North",2116.86583647242
"Wizard Islet North",30,"North",2839.27767086945
"Wizard Islet North",40,"North",3198.18706812818
"Wizard Islet North",50,"East",6504.92764831241
"Wizard Islet North",60,"East",100000.051633787
"Wizard Islet North",70,"East",5282.9390945396
"Wizard Islet North",80,"East",4059.01146611977
"Wizard Islet North",90,"East",3824.88787843916
"Wizard Islet North",100,"East",2822.8238098906
"Wizard Islet North",110,"East",2796.54764554521
"Wizard Islet North",120,"East",2582.79708034661
"Wizard Islet North",130,"East",2725.16605054534
"Wizard Islet North",140,"South",2903.91896087979
"Wizard Islet North",150,"South",2559.84885078617
"Wizard Islet North",160,"South",2934.32324977456
"Wizard Islet North",170,"South",3277.89313063129
"Wizard Islet North",180,"South",3821.81100150342
"Wizard Islet North",190,"South",1094.91154605695
"Wizard Islet North",200,"South",867.084288130152
"Wizard Islet North",210,"South",808.975139135354
"Wizard Islet North",220,"South",786.749688753071
"Wizard Islet North",230,"West",789.046651095446
"Wizard Islet North",240,"West",810.309891228923
"Wizard Islet North",250,"West",1161.98552936839
"Wizard Islet North",260,"West",99999.9227576201
"Wizard Islet North",270,"West",99999.9
"Wizard Islet North",280,"West",99999.9227576201
"Wizard Islet North",290,"West",99999.93676318
"Wizard Islet North",300,"West",99999.9650312439
"Wizard Islet North",310,"West",946.386764493307
"Wizard Islet North",320,"North",804.391250062535
"Wizard Islet North",330,"North",832.583001813517
"Wizard Islet North",340,"North",1069.53075856447
"Wizard Islet North",350,"North",100000.021238398
"Wizard Islet South",0,"North",1753.88808645559
"Wizard Islet South",10,"North",2010.02409528266
"Wizard Islet South",20,"North",2433.58230219586
"Wizard Islet South",30,"North",3114.4276985219
"Wizard Islet South",40,"North",4063.99426953591
"Wizard Islet South",50,"East",7025.16389701836
"Wizard Islet South",60,"East",100000.311441565
"Wizard Islet South",70,"East",5234.60164808674
"Wizard Islet South",80,"East",4027.53712968984
"Wizard Islet South",90,"East",3778.26943640574
"Wizard Islet South",100,"East",2700.857600777
"Wizard Islet South",110,"East",2634.67281250652
"Wizard Islet South",120,"East",2621.27082458449
"Wizard Islet South",130,"East",2630.91265080377
"Wizard Islet South",140,"South",2950.28197203627
"Wizard Islet South",150,"South",2444.60912193724
"Wizard Islet South",160,"South",2645.45232989185
"Wizard Islet South",170,"South",3210.85031169349
"Wizard Islet South",180,"South",3582.42285867806
"Wizard Islet South",190,"South",784.710153011253
"Wizard Islet South",200,"South",621.427792019402
"Wizard Islet South",210,"South",568.756189514512
"Wizard Islet South",220,"South",553.130102137119
"Wizard Islet South",230,"West",554.744689773097
"Wizard Islet South",240,"West",573.856258994185
"Wizard Islet South",250,"West",613.642375456947
"Wizard Islet South",260,"West",667.253188643101
"Wizard Islet South",270,"West",99999.6
"Wizard Islet South",280,"West",99999.6273153055
"Wizard Islet South",290,"West",99999.6548554544
"Wizard Islet South",300,"West",99999.6186213227
"Wizard Islet South",310,"West",8787.26182617244
"Wizard Islet South",320,"North",1150.34171906491
"Wizard Islet South",330,"North",981.877321102768
"Wizard Islet South",340,"North",1013.57764245516
"Wizard Islet South",350,"North",99999.8532991424
