ID,Diver,Buddy,Site No.,Site Name,Latitude,Longitude,Date,vis,Direction,Time,P-Qs,Depth,Method,Block,Code,Species,Common name,Total,Inverts,2.5,5,7.5,10,12.5,15,20,25,30,35,40,50,62.5,75,87.5,100,112.5,125,137.5,150,162.5,175,187.5,200,250,300,350,400
,,,,,,,,,,12:00,,,"0, 1, 2","0, 1, 2",,2,3,5202,3567,1,2,3,4,5,6,8,10,12,14,16,20,25,30,35,40,45,50,55,60,65,70,75,80,100,120,140,160
1,Em Lim,Kieran Cox,KCCA23,Flemming 114,48.8915,-125.1149,28/05/2023,1,40,10:15,EGL,10,1,1,Beroidae ,Beroidae ,Unidentified comb jelly,1,1,,,,,,,,,,,,,,,,,,,,,,,,,,,,
2,Em Lim,Kieran Cox,KCCA23,Flemming 114,48.8915,-125.1149,28/05/2023,1,40,10:15,EGL,10,0,1,sca,Sebastes caurinus,Copper rockfish,2,0,,,1,1,,,,,,,,,,,,,,,,,,,,,,,,
3,Em Lim,Kieran Cox,KCCA23,Flemming 114,48.8915,-125.1149,28/05/2023,1,40,10:15,EGL,10,2,1,rni,Rhinogobiops nicholsii,Blackeye goby,36,0,7,21,8,,,,,,,,,,,,,,,,,,,,,,,,,
4,Em Lim,Kieran Cox,KCCA23,Flemming 114,48.8915,-125.1149,28/05/2023,1,40,10:15,EGL,10,2,1,dim,Dermasterias imbricata,Leather star,5,5,,,,,,,,,,,,,,,,,,,,,,,,,,,,
5,Em Lim,Kieran Cox,KCCA23,Flemming 114,48.8915,-125.1149,28/05/2023,1,40,10:15,EGL,10,2,1,henricia,Henricia spp.,Unidentified blood star,4,4,,,,,,,,,,,,,,,,,,,,,,,,,,,,
6,Em Lim,Kieran Cox,KCCA23,Flemming 114,48.8915,-125.1149,28/05/2023,1,40,10:15,EGL,10,2,1,pgi,Pomaulax gibberosus,Red turban shell,1,1,,,,,,,,,,,,,,,,,,,,,,,,,,,,
7,Em Lim,Kieran Cox,KCCA23,Flemming 114,48.8915,-125.1149,28/05/2023,1,40,10:15,EGL,10,2,1,phe,Pycnopodia helianthoides,Sunflower star,3,0,1,1,1,,,,,,,,,,,,,,,,,,,,,,,,,
8,Em Lim,Kieran Cox,KCCA23,Flemming 114,48.8915,-125.1149,28/05/2023,1,40,10:15,EGL,10,2,1,mfra,Mesocentrotus franciscanus,Red sea urchin,2,2,,,,,,,,,,,,,,,,,,,,,,,,,,,,
9,Em Lim,Kieran Cox,KCCA23,Flemming 114,48.8915,-125.1149,28/05/2023,1,40,10:15,EGL,10,2,1,oko,Orthasterias koehleri,Rainbow star,3,3,,,,,,,,,,,,,,,,,,,,,,,,,,,,
10,Em Lim,Kieran Cox,KCCA23,Flemming 114,48.8915,-125.1149,28/05/2023,1,40,10:15,EGL,10,2,1,aca,Apostichopus californicus,California sea cucumber,4,4,,,,,,,,,,,,,,,,,,,,,,,,,,,,
11,Em Lim,Kieran Cox,KCCA23,Flemming 114,48.8915,-125.1149,28/05/2023,1,40,10:15,EGL,10,2,1,ptr,Polycera tricolor,Tricolour nudibranch,1,1,,,,,,,,,,,,,,,,,,,,,,,,,,,,
12,Em Lim,Kieran Cox,KCCA23,Flemming 114,48.8915,-125.1149,28/05/2023,1,40,10:15,EGL,10,2,1,pte,Pteraster tesselatus,Slime star,1,1,,,,,,,,,,,,,,,,,,,,,,,,,,,,
13,Em Lim,Kieran Cox,KCCA23,Flemming 114,48.8915,-125.1149,28/05/2023,1,40,10:15,EGL,10,2,1,etr,Evasterias troschelii,Mottled starfish,1,1,,,,,,,,,,,,,,,,,,,,,,,,,,,,
14,Em Lim,Kieran Cox,KCCA23,Flemming 114,48.8915,-125.1149,28/05/2023,1,40,10:15,EGL,10,2,1,sfo,Stylasterias forreri,Velcro seastar,3,3,,,,,,,,,,,,,,,,,,,,,,,,,,,,
15,Em Lim,Kieran Cox,KCCA23,Flemming 114,48.8915,-125.1149,28/05/2023,1,40,10:15,EGL,10,2,1,pcle,Pholis clemensi,Longfin gunnel,1,0,,,1,,,,,,,,,,,,,,,,,,,,,,,,,
16,Em Lim,Kieran Cox,KCCA23,Flemming 114,48.8915,-125.1149,28/05/2023,1,40,10:15,EGL,10,2,1,dir,Dendronotus iris,Giant frond-aeolis,2,2,,,,,,,,,,,,,,,,,,,,,,,,,,,,
17,Em Lim,Kieran Cox,KCCA23,Flemming 114,48.8915,-125.1149,28/05/2023,1,40,10:15,EGL,10,0,1,hde,Hexagrammos decagrammus,Kelp greenling,1,0,,,,,,,,1,,,,,,,,,,,,,,,,,,,,
18,Em Lim,Kieran Cox,KCCA23,Flemming 114,48.8915,-125.1149,28/05/2023,1,40,10:15,EGL,10,0,1,ppr,Pugettia producta,Northern kelp crab,1,1,,,,,,,,,,,,,,,,,,,,,,,,,,,,
19,Em Lim,Kieran Cox,KCCA23,Flemming 114,48.8915,-125.1149,28/05/2023,1,40,10:15,EGL,10,0,1,dez,Debris - Zero,No Debris found,0,0,,,,,,,,,,,,,,,,,,,,,,,,,,,,
20,Em Lim,Kieran Cox,BMKC1,Dixon Bay 2,48.85395,-125.1161,29/05/2023,1.5,240,7:43,EGL,6,1,1,hde,Hexagrammos decagrammus,Kelp greenling,1,0,,,,,,,1,,,,,,,,,,,,,,,,,,,,,
21,Em Lim,Kieran Cox,BMKC1,Dixon Bay 2,48.85395,-125.1161,29/05/2023,1.5,240,7:43,EGL,6,1,1,sca,Sebastes caurinus,Copper rockfish,1,0,,,1,,,,,,,,,,,,,,,,,,,,,,,,,
22,Em Lim,Kieran Cox,BMKC1,Dixon Bay 2,48.85395,-125.1161,29/05/2023,1.5,240,7:43,EGL,6,1,1,bfr,Brachyistius frenatus,Kelp perch,18,0,,,2,14,2,,,,,,,,,,,,,,,,,,,,,,,
23,Em Lim,Kieran Cox,BMKC1,Dixon Bay 2,48.85395,-125.1161,29/05/2023,1.5,240,7:43,EGL,6,1,1,sme,Sebastes melanops,Black rockfish,1,0,,,,,,1,,,,,,,,,,,,,,,,,,,,,,
24,Em Lim,Kieran Cox,BMKC1,Dixon Bay 2,48.85395,-125.1161,29/05/2023,1.5,240,7:43,EGL,6,2,1,ppr,Pugettia producta,Northern kelp crab,7,7,,,,,,,,,,,,,,,,,,,,,,,,,,,,
25,Em Lim,Kieran Cox,BMKC1,Dixon Bay 2,48.85395,-125.1161,29/05/2023,1.5,240,7:43,EGL,6,0,1,sca,Sebastes caurinus,Copper rockfish,4,0,,2,1,1,,,,,,,,,,,,,,,,,,,,,,,,
26,Em Lim,Kieran Cox,BMKC1,Dixon Bay 2,48.85395,-125.1161,29/05/2023,1.5,240,7:43,EGL,6,2,1,phe,Pycnopodia helianthoides,Sunflower star,5,0,4,1,,,,,,,,,,,,,,,,,,,,,,,,,,
27,Em Lim,Kieran Cox,BMKC1,Dixon Bay 2,48.85395,-125.1161,29/05/2023,1.5,240,7:43,EGL,6,0,1,hde,Hexagrammos decagrammus,Kelp greenling,1,0,,1,,,,,,,,,,,,,,,,,,,,,,,,,,
28,Em Lim,Kieran Cox,BMKC1,Dixon Bay 2,48.85395,-125.1161,29/05/2023,1.5,240,7:43,EGL,6,2,1,oko,Orthasterias koehleri,Rainbow star,3,3,,,,,,,,,,,,,,,,,,,,,,,,,,,,
29,Em Lim,Kieran Cox,BMKC1,Dixon Bay 2,48.85395,-125.1161,29/05/2023,1.5,240,7:43,EGL,6,2,1,etr,Evasterias troschelii,Mottled starfish,2,2,,,,,,,,,,,,,,,,,,,,,,,,,,,,
30,Em Lim,Kieran Cox,BMKC1,Dixon Bay 2,48.85395,-125.1161,29/05/2023,1.5,240,7:43,EGL,6,2,1,hhe,Hemilepidotus hemilepidotus,Red Irish lord,1,0,,,,,,1,,,,,,,,,,,,,,,,,,,,,,
31,Em Lim,Kieran Cox,BMKC1,Dixon Bay 2,48.85395,-125.1161,29/05/2023,1.5,240,7:43,EGL,6,2,1,pmi,Patiria miniata,Bat star,5,5,,,,,,,,,,,,,,,,,,,,,,,,,,,,
32,Em Lim,Kieran Cox,BMKC1,Dixon Bay 2,48.85395,-125.1161,29/05/2023,1.5,240,7:43,EGL,6,2,1,rni,Rhinogobiops nicholsii,Blackeye goby,10,0,2,4,4,,,,,,,,,,,,,,,,,,,,,,,,,
33,Em Lim,Kieran Cox,BMKC1,Dixon Bay 2,48.85395,-125.1161,29/05/2023,1.5,240,7:43,EGL,6,2,1,hexagrammos,Hexagrammos spp.,0,1,0,,1,,,,,,,,,,,,,,,,,,,,,,,,,,
34,Em Lim,Kieran Cox,BMKC1,Dixon Bay 2,48.85395,-125.1161,29/05/2023,1.5,240,7:43,EGL,6,2,1,deo,Debris - Other,"Any debris OTHER THAN fishing gear, made of plastic, cloth, metal, glass or timber",1,1,,,,,,,,,,,,,,,,,,,,,,,,,,,,
35,Em Lim,Kieran Cox,BMKC1,Dixon Bay 2,48.85395,-125.1161,29/05/2023,1.5,240,7:43,EGL,6,0,1,cpr,Cancer productus,Red rock crab,1,1,,,,,,,,,,,,,,,,,,,,,,,,,,,,
36,Em Lim,Kieran Cox,BMKC1,Dixon Bay 2,48.85395,-125.1161,29/05/2023,1.5,240,7:43,EGL,6,0,1,afl,Aulorhynchus flavidus,Tube-snout,8,0,,8,,,,,,,,,,,,,,,,,,,,,,,,,,
37,Em Lim,Kieran Cox,KCCA20,Nanat Bay,48.880543,-125.076486,30/05/2023,2.5,260,9:23,EGL,5.5,1,1,sca,Sebastes caurinus,Copper rockfish,3,0,,,1,1,,1,,,,,,,,,,,,,,,,,,,,,,
38,Em Lim,Kieran Cox,KCCA20,Nanat Bay,48.880543,-125.076486,30/05/2023,2.5,260,9:23,EGL,5.5,1,1,sme,Sebastes melanops,Black rockfish,1,0,,,,,1,,,,,,,,,,,,,,,,,,,,,,,
39,Em Lim,Kieran Cox,KCCA20,Nanat Bay,48.880543,-125.076486,30/05/2023,2.5,260,9:23,EGL,5.5,1,1,bfr,Brachyistius frenatus,Kelp perch,24,0,,11,9,3,1,,,,,,,,,,,,,,,,,,,,,,,
40,Em Lim,Kieran Cox,KCCA20,Nanat Bay,48.880543,-125.076486,30/05/2023,2.5,260,9:23,EGL,5.5,1,1,cag,Cymatogaster aggregata,Shiner perch,1,0,,,,1,,,,,,,,,,,,,,,,,,,,,,,,
41,Em Lim,Kieran Cox,KCCA20,Nanat Bay,48.880543,-125.076486,30/05/2023,2.5,260,9:23,EGL,5.5,1,1,rni,Rhinogobiops nicholsii,Blackeye goby,1,0,,1,,,,,,,,,,,,,,,,,,,,,,,,,,
42,Em Lim,Kieran Cox,KCCA20,Nanat Bay,48.880543,-125.076486,30/05/2023,2.5,260,9:23,EGL,5.5,2,1,rni,Rhinogobiops nicholsii,Blackeye goby,25,0,4,14,7,,,,,,,,,,,,,,,,,,,,,,,,,
43,Em Lim,Kieran Cox,KCCA20,Nanat Bay,48.880543,-125.076486,30/05/2023,2.5,260,9:23,EGL,5.5,2,1,dim,Dermasterias imbricata,Leather star,3,3,,,,,,,,,,,,,,,,,,,,,,,,,,,,
44,Em Lim,Kieran Cox,KCCA20,Nanat Bay,48.880543,-125.076486,30/05/2023,2.5,260,9:23,EGL,5.5,2,1,phe,Pycnopodia helianthoides,Sunflower star,16,0,9,4,2,1,,,,,,,,,,,,,,,,,,,,,,,,
45,Em Lim,Kieran Cox,KCCA20,Nanat Bay,48.880543,-125.076486,30/05/2023,2.5,260,9:23,EGL,5.5,2,1,hde,Hexagrammos decagrammus,Kelp greenling,1,0,,,,,,,1,,,,,,,,,,,,,,,,,,,,,
46,Em Lim,Kieran Cox,KCCA20,Nanat Bay,48.880543,-125.076486,30/05/2023,2.5,260,9:23,EGL,5.5,2,1,ppr,Pugettia producta,Northern kelp crab,3,3,,,,,,,,,,,,,,,,,,,,,,,,,,,,
47,Em Lim,Kieran Cox,KCCA20,Nanat Bay,48.880543,-125.076486,30/05/2023,2.5,260,9:23,EGL,5.5,2,1,pmi,Patiria miniata,Bat star,5,5,,,,,,,,,,,,,,,,,,,,,,,,,,,,
48,Em Lim,Kieran Cox,KCCA20,Nanat Bay,48.880543,-125.076486,30/05/2023,2.5,260,9:23,EGL,5.5,2,1,aca,Apostichopus californicus,California sea cucumber,3,3,,,,,,,,,,,,,,,,,,,,,,,,,,,,
49,Em Lim,Kieran Cox,KCCA20,Nanat Bay,48.880543,-125.076486,30/05/2023,2.5,260,9:23,EGL,5.5,2,1,opi,Oxylebius pictus,Painted greenling,1,0,,,,,1,,,,,,,,,,,,,,,,,,,,,,,
50,Em Lim,Kieran Cox,KCCA20,Nanat Bay,48.880543,-125.076486,30/05/2023,2.5,260,9:23,EGL,5.5,2,1,sac,Scyra acutifrons,Sharpnose crab,1,1,,,,,,,,,,,,,,,,,,,,,,,,,,,,
51,Em Lim,Kieran Cox,KCCA20,Nanat Bay,48.880543,-125.076486,30/05/2023,2.5,260,9:23,EGL,5.5,2,1,etr,Evasterias troschelii,Mottled starfish,1,1,,,,,,,,,,,,,,,,,,,,,,,,,,,,
52,Em Lim,Kieran Cox,KCCA20,Nanat Bay,48.880543,-125.076486,30/05/2023,2.5,260,9:23,EGL,5.5,2,1,cpr,Cancer productus,Red rock crab,1,1,,,,,,,,,,,,,,,,,,,,,,,,,,,,
53,Em Lim,Kieran Cox,KCCA20,Nanat Bay,48.880543,-125.076486,30/05/2023,2.5,260,9:23,EGL,5.5,2,1,henricia,Henricia spp.,Unidentified blood star,1,1,,,,,,,,,,,,,,,,,,,,,,,,,,,,
54,Em Lim,Kieran Cox,KCCA20,Nanat Bay,48.880543,-125.076486,30/05/2023,2.5,260,9:23,EGL,5.5,2,1,ptr,Polycera tricolor,Tricolour nudibranch,1,1,,,,,,,,,,,,,,,,,,,,,,,,,,,,
55,Em Lim,Kieran Cox,KCCA20,Nanat Bay,48.880543,-125.076486,30/05/2023,2.5,260,9:23,EGL,5.5,0,1,dez,Debris - Zero,No Debris found,0,0,,,,,,,,,,,,,,,,,,,,,,,,,,,,
56,Claire Attridge,Kieran Cox,KCCA7,Ed King East Inside,48.83608,-125.2131,06/06/2023,2,120,10:20,KDC,2,1,1,hde,Hexagrammos decagrammus,Kelp greenling,8,0,,,,,,,,3,3,2,,,,,,,,,,,,,,,,,,
57,Claire Attridge,Kieran Cox,KCCA7,Ed King East Inside,48.83608,-125.2131,06/06/2023,2,120,10:20,KDC,2,1,1,sme,Sebastes melanops,Black rockfish,4,0,,,,,,3,1,,,,,,,,,,,,,,,,,,,,,
58,Claire Attridge,Kieran Cox,KCCA7,Ed King East Inside,48.83608,-125.2131,06/06/2023,2,120,10:20,KDC,2,1,1,rva,Rhacochilus vacca,Pile perch,4,0,,,,,,3,1,,,,,,,,,,,,,,,,,,,,,
59,Claire Attridge,Kieran Cox,KCCA7,Ed King East Inside,48.83608,-125.2131,06/06/2023,2,120,10:20,KDC,2,1,1,hhe,Hemilepidotus hemilepidotus,Red Irish lord,1,0,,,,,,,,,1,,,,,,,,,,,,,,,,,,,
60,Claire Attridge,Kieran Cox,KCCA7,Ed King East Inside,48.83608,-125.2131,06/06/2023,2,120,10:20,KDC,2,2,1,oko,Orthasterias koehleri,Rainbow star,10,10,,,,,,,,,,,,,,,,,,,,,,,,,,,,
61,Claire Attridge,Kieran Cox,KCCA7,Ed King East Inside,48.83608,-125.2131,06/06/2023,2,120,10:20,KDC,2,2,1,mfra,Mesocentrotus franciscanus,Red sea urchin,133,133,,,,,,,,,,,,,,,,,,,,,,,,,,,,
62,Claire Attridge,Kieran Cox,KCCA7,Ed King East Inside,48.83608,-125.2131,06/06/2023,2,120,10:20,KDC,2,2,1,pgi,Pomaulax gibberosus,Red turban shell,14,14,,,,,,,,,,,,,,,,,,,,,,,,,,,,
63,Claire Attridge,Kieran Cox,KCCA7,Ed King East Inside,48.83608,-125.2131,06/06/2023,2,120,10:20,KDC,2,2,1,cfo,Ceratostoma foliatum,Leafy hornmouth,3,3,,,,,,,,,,,,,,,,,,,,,,,,,,,,
64,Claire Attridge,Kieran Cox,KCCA7,Ed King East Inside,48.83608,-125.2131,06/06/2023,2,120,10:20,KDC,2,2,1,hka,Haliotis kamtschatkana,Pinto abalone,20,0,,2,5,8,5,,,,,,,,,,,,,,,,,,,,,,,
65,Claire Attridge,Kieran Cox,KCCA7,Ed King East Inside,48.83608,-125.2131,06/06/2023,2,120,10:20,KDC,2,2,1,hcr,Hermissenda crassicornis,Opalescent nudibranch,2,2,,,,,,,,,,,,,,,,,,,,,,,,,,,,
66,Claire Attridge,Kieran Cox,KCCA7,Ed King East Inside,48.83608,-125.2131,06/06/2023,2,120,10:20,KDC,2,2,1,pmi,Patiria miniata,Bat star,21,21,,,,,,,,,,,,,,,,,,,,,,,,,,,,
67,Claire Attridge,Kieran Cox,KCCA7,Ed King East Inside,48.83608,-125.2131,06/06/2023,2,120,10:20,KDC,2,2,1,ami,Acmaea mitra,Whitecap limpet,11,11,,,,,,,,,,,,,,,,,,,,,,,,,,,,
68,Claire Attridge,Kieran Cox,KCCA7,Ed King East Inside,48.83608,-125.2131,06/06/2023,2,120,10:20,KDC,2,2,1,aca,Apostichopus californicus,California sea cucumber,5,5,,,,,,,,,,,,,,,,,,,,,,,,,,,,
69,Claire Attridge,Kieran Cox,KCCA7,Ed King East Inside,48.83608,-125.2131,06/06/2023,2,120,10:20,KDC,2,2,1,poc,Pisaster ochraceus,Purple sea star,14,14,,,,,,,,,,,,,,,,,,,,,,,,,,,,
70,Claire Attridge,Kieran Cox,KCCA7,Ed King East Inside,48.83608,-125.2131,06/06/2023,2,120,10:20,KDC,2,2,1,jzo,Jordania zonope,Longfin sculpin,6,0,,,2,1,3,,,,,,,,,,,,,,,,,,,,,,,
71,Claire Attridge,Kieran Cox,KCCA7,Ed King East Inside,48.83608,-125.2131,06/06/2023,2,120,10:20,KDC,2,2,1,hermit,Paguroidea spp.,0,6,6,,,,,,,,,,,,,,,,,,,,,,,,,,,,
72,Claire Attridge,Kieran Cox,KCCA7,Ed King East Inside,48.83608,-125.2131,06/06/2023,2,120,10:20,KDC,2,2,1,aha,Artedius harringtoni,Scalyhead sculpin,3,0,,1,1,1,,,,,,,,,,,,,,,,,,,,,,,,
73,Claire Attridge,Kieran Cox,KCCA7,Ed King East Inside,48.83608,-125.2131,06/06/2023,2,120,10:20,KDC,2,2,1,dim,Dermasterias imbricata,Leather star,1,1,,,,,,,,,,,,,,,,,,,,,,,,,,,,
74,Claire Attridge,Kieran Cox,KCCA7,Ed King East Inside,48.83608,-125.2131,06/06/2023,2,120,10:20,KDC,2,2,1,ala,Artedius lateralis,Smoothhead sculpin,1,0,,,1,,,,,,,,,,,,,,,,,,,,,,,,,
75,Claire Attridge,Kieran Cox,KCCA7,Ed King East Inside,48.83608,-125.2131,06/06/2023,2,120,10:20,KDC,2,2,1,lbe,Lophopanopeus bellus,Black-clawed crab,3,3,,,,,,,,,,,,,,,,,,,,,,,,,,,,
76,Claire Attridge,Kieran Cox,KCCA7,Ed King East Inside,48.83608,-125.2131,06/06/2023,2,120,10:20,KDC,2,2,1,rni,Rhinogobiops nicholsii,Blackeye goby,2,0,,,,2,,,,,,,,,,,,,,,,,,,,,,,,
77,Claire Attridge,Kieran Cox,KCCA7,Ed King East Inside,48.83608,-125.2131,06/06/2023,2,120,10:20,KDC,2,2,1,spu,Strongylocentrotus purpuratus,Purple sea urchin,5,5,,,,,,,,,,,,,,,,,,,,,,,,,,,,
78,Claire Attridge,Kieran Cox,KCCA7,Ed King East Inside,48.83608,-125.2131,06/06/2023,2,120,10:20,KDC,2,2,1,sfo,Stylasterias forreri,Velcro seastar,1,1,,,,,,,,,,,,,,,,,,,,,,,,,,,,
79,Claire Attridge,Kieran Cox,KCCA7,Ed King East Inside,48.83608,-125.2131,06/06/2023,2,120,10:20,KDC,2,2,1,dec,Debris - Cloth,Any cloth debris,0,0,,,,,,,,,,,,,,,,,,,,,,,,,,,,
80,Claire Attridge,Kieran Cox,KCCA13,Second Beach South,48.81508,-125.17585,07/06/2023,1.5,160,9:44,KDC,4.9,1,2,hde,Hexagrammos decagrammus,Kelp greenling,6,0,,,,1,1,,,3,1,,,,,,,,,,,,,,,,,,,
81,Claire Attridge,Kieran Cox,KCCA13,Second Beach South,48.81508,-125.17585,07/06/2023,1.5,160,9:44,KDC,4.9,1,2,afl,Aulorhynchus flavidus,Tube-snout,11,0,,,11,,,,,,,,,,,,,,,,,,,,,,,,,
82,Claire Attridge,Kieran Cox,KCCA13,Second Beach South,48.81508,-125.17585,07/06/2023,1.5,160,9:44,KDC,4.9,2,2,mfra,Mesocentrotus franciscanus,Red sea urchin,110,110,,,,,,,,,,,,,,,,,,,,,,,,,,,,
83,Claire Attridge,Kieran Cox,KCCA13,Second Beach South,48.81508,-125.17585,07/06/2023,1.5,160,9:44,KDC,4.9,2,2,poc,Pisaster ochraceus,Purple sea star,7,7,,,,,,,,,,,,,,,,,,,,,,,,,,,,
84,Claire Attridge,Kieran Cox,KCCA13,Second Beach South,48.81508,-125.17585,07/06/2023,1.5,160,9:44,KDC,4.9,2,2,hcr,Hermissenda crassicornis,Opalescent nudibranch,13,13,,,,,,,,,,,,,,,,,,,,,,,,,,,,
85,Claire Attridge,Kieran Cox,KCCA13,Second Beach South,48.81508,-125.17585,07/06/2023,1.5,160,9:44,KDC,4.9,2,2,hpu,Henricia pumila,Dwarf mottled henricia,5,5,,,,,,,,,,,,,,,,,,,,,,,,,,,,
86,Claire Attridge,Kieran Cox,KCCA13,Second Beach South,48.81508,-125.17585,07/06/2023,1.5,160,9:44,KDC,4.9,2,2,dim,Dermasterias imbricata,Leather star,12,12,,,,,,,,,,,,,,,,,,,,,,,,,,,,
87,Claire Attridge,Kieran Cox,KCCA13,Second Beach South,48.81508,-125.17585,07/06/2023,1.5,160,9:44,KDC,4.9,2,2,aha,Artedius harringtoni,Scalyhead sculpin,4,0,,1,1,2,,,,,,,,,,,,,,,,,,,,,,,,
88,Claire Attridge,Kieran Cox,KCCA13,Second Beach South,48.81508,-125.17585,07/06/2023,1.5,160,9:44,KDC,4.9,2,2,hermit,Paguroidea spp.,0,1,1,,,,,,,,,,,,,,,,,,,,,,,,,,,,
89,Claire Attridge,Kieran Cox,KCCA13,Second Beach South,48.81508,-125.17585,07/06/2023,1.5,160,9:44,KDC,4.9,2,2,cfo,Ceratostoma foliatum,Leafy hornmouth,6,6,,,,,,,,,,,,,,,,,,,,,,,,,,,,
90,Claire Attridge,Kieran Cox,KCCA13,Second Beach South,48.81508,-125.17585,07/06/2023,1.5,160,9:44,KDC,4.9,2,2,ogr,Oregonia gracilis,Graceful decorator crab,2,2,,,,,,,,,,,,,,,,,,,,,,,,,,,,
91,Claire Attridge,Kieran Cox,KCCA13,Second Beach South,48.81508,-125.17585,07/06/2023,1.5,160,9:44,KDC,4.9,2,2,oko,Orthasterias koehleri,Rainbow star,3,3,,,,,,,,,,,,,,,,,,,,,,,,,,,,
92,Claire Attridge,Kieran Cox,KCCA13,Second Beach South,48.81508,-125.17585,07/06/2023,1.5,160,9:44,KDC,4.9,2,2,lbe,Lophopanopeus bellus,Black-clawed crab,18,18,,,,,,,,,,,,,,,,,,,,,,,,,,,,
93,Claire Attridge,Kieran Cox,KCCA13,Second Beach South,48.81508,-125.17585,07/06/2023,1.5,160,9:44,KDC,4.9,2,2,hsty,Heptacarpus stylus,Stiletto shrimp,8,8,,,,,,,,,,,,,,,,,,,,,,,,,,,,
94,Claire Attridge,Kieran Cox,KCCA13,Second Beach South,48.81508,-125.17585,07/06/2023,1.5,160,9:44,KDC,4.9,2,2,clu,Cadlina luteomarginata,Yellow-edge cadlina,4,4,,,,,,,,,,,,,,,,,,,,,,,,,,,,
95,Claire Attridge,Kieran Cox,KCCA13,Second Beach South,48.81508,-125.17585,07/06/2023,1.5,160,9:44,KDC,4.9,2,2,hka,Haliotis kamtschatkana,Pinto abalone,8,0,,2,4,2,,,,,,,,,,,,,,,,,,,,,,,,
96,Claire Attridge,Kieran Cox,KCCA13,Second Beach South,48.81508,-125.17585,07/06/2023,1.5,160,9:44,KDC,4.9,2,2,spu,Strongylocentrotus purpuratus,Purple sea urchin,2,2,,,,,,,,,,,,,,,,,,,,,,,,,,,,
97,Claire Attridge,Kieran Cox,KCCA13,Second Beach South,48.81508,-125.17585,07/06/2023,1.5,160,9:44,KDC,4.9,2,2,afu,Antiopella fusca,White-and-orange-tipped nudibranch,3,3,,,,,,,,,,,,,,,,,,,,,,,,,,,,
98,Claire Attridge,Kieran Cox,KCCA13,Second Beach South,48.81508,-125.17585,07/06/2023,1.5,160,9:44,KDC,4.9,2,2,cste,Cryptochiton stelleri,Gumboot chiton,1,1,,,,,,,,,,,,,,,,,,,,,,,,,,,,
99,Claire Attridge,Kieran Cox,KCCA13,Second Beach South,48.81508,-125.17585,07/06/2023,1.5,160,9:44,KDC,4.9,2,2,dal,Dirona albolineata,White-line dirona,2,2,,,,,,,,,,,,,,,,,,,,,,,,,,,,
100,Claire Attridge,Kieran Cox,KCCA13,Second Beach South,48.81508,-125.17585,07/06/2023,1.5,160,9:44,KDC,4.9,2,2,afl,Apodichthys flavidus,Penpoint gunnel,1,0,,,1,,,,,,,,,,,,,,,,,,,,,,,,,
101,Claire Attridge,Kieran Cox,KCCA13,Second Beach South,48.81508,-125.17585,07/06/2023,1.5,160,9:44,KDC,4.9,2,2,ami,Acmaea mitra,Whitecap limpet,1,1,,,,,,,,,,,,,,,,,,,,,,,,,,,,
102,Claire Attridge,Kieran Cox,KCCA13,Second Beach South,48.81508,-125.17585,07/06/2023,1.5,160,9:44,KDC,4.9,0,2,dez,Debris - Zero,No Debris found,0,0,,,,,,,,,,,,,,,,,,,,,,,,,,,,
103,Claire Attridge,Kieran Cox,KCCA19,Wizard Islet North,48.85916,-125.15908,08/06/2023,1,210,10:30,KDC,5.5,1,1,hde,Hexagrammos decagrammus,Kelp greenling,2,0,,,,,,,1,1,,,,,,,,,,,,,,,,,,,,
104,Claire Attridge,Kieran Cox,KCCA19,Wizard Islet North,48.85916,-125.15908,08/06/2023,1,210,10:30,KDC,5.5,1,1,sca,Sebastes caurinus,Copper rockfish,1,0,,,,,,,1,,,,,,,,,,,,,,,,,,,,,
105,Claire Attridge,Kieran Cox,KCCA19,Wizard Islet North,48.85916,-125.15908,08/06/2023,1,210,10:30,KDC,5.5,2,1,mfra,Mesocentrotus franciscanus,Red sea urchin,177,177,,,,,,,,,,,,,,,,,,,,,,,,,,,,
106,Claire Attridge,Kieran Cox,KCCA19,Wizard Islet North,48.85916,-125.15908,08/06/2023,1,210,10:30,KDC,5.5,2,1,pmi,Patiria miniata,Bat star,6,6,,,,,,,,,,,,,,,,,,,,,,,,,,,,
107,Claire Attridge,Kieran Cox,KCCA19,Wizard Islet North,48.85916,-125.15908,08/06/2023,1,210,10:30,KDC,5.5,2,1,aha,Artedius harringtoni,Scalyhead sculpin,12,0,,3,3,4,2,,,,,,,,,,,,,,,,,,,,,,,
108,Claire Attridge,Kieran Cox,KCCA19,Wizard Islet North,48.85916,-125.15908,08/06/2023,1,210,10:30,KDC,5.5,2,1,pgi,Pomaulax gibberosus,Red turban shell,21,21,,,,,,,,,,,,,,,,,,,,,,,,,,,,
109,Claire Attridge,Kieran Cox,KCCA19,Wizard Islet North,48.85916,-125.15908,08/06/2023,1,210,10:30,KDC,5.5,2,1,aca,Apostichopus californicus,California sea cucumber,17,17,,,,,,,,,,,,,,,,,,,,,,,,,,,,
110,Claire Attridge,Kieran Cox,KCCA19,Wizard Islet North,48.85916,-125.15908,08/06/2023,1,210,10:30,KDC,5.5,2,1,sdr,Strongylocentrotus droebachiensis,Northern sea urchin,2,2,,,,,,,,,,,,,,,,,,,,,,,,,,,,
111,Claire Attridge,Kieran Cox,KCCA19,Wizard Islet North,48.85916,-125.15908,08/06/2023,1,210,10:30,KDC,5.5,2,1,dim,Dermasterias imbricata,Leather star,7,7,,,,,,,,,,,,,,,,,,,,,,,,,,,,
112,Claire Attridge,Kieran Cox,KCCA19,Wizard Islet North,48.85916,-125.15908,08/06/2023,1,210,10:30,KDC,5.5,2,1,oko,Orthasterias koehleri,Rainbow star,12,12,,,,,,,,,,,,,,,,,,,,,,,,,,,,
113,Claire Attridge,Kieran Cox,KCCA19,Wizard Islet North,48.85916,-125.15908,08/06/2023,1,210,10:30,KDC,5.5,2,1,hpu,Henricia pumila,Dwarf mottled henricia,5,5,,,,,,,,,,,,,,,,,,,,,,,,,,,,
114,Claire Attridge,Kieran Cox,KCCA19,Wizard Islet North,48.85916,-125.15908,08/06/2023,1,210,10:30,KDC,5.5,2,1,cgi,Crassadoma gigantea,Purple-hinged rock scallop,3,0,,,,1,1,,1,,,,,,,,,,,,,,,,,,,,,
115,Claire Attridge,Kieran Cox,KCCA19,Wizard Islet North,48.85916,-125.15908,08/06/2023,1,210,10:30,KDC,5.5,2,1,cfo,Ceratostoma foliatum,Leafy hornmouth,1,1,,,,,,,,,,,,,,,,,,,,,,,,,,,,
116,Claire Attridge,Kieran Cox,KCCA19,Wizard Islet North,48.85916,-125.15908,08/06/2023,1,210,10:30,KDC,5.5,2,1,jzo,Jordania zonope,Longfin sculpin,2,0,,2,,,,,,,,,,,,,,,,,,,,,,,,,,
117,Claire Attridge,Kieran Cox,KCCA19,Wizard Islet North,48.85916,-125.15908,08/06/2023,1,210,10:30,KDC,5.5,2,1,hcr,Hermissenda crassicornis,Opalescent nudibranch,3,3,,,,,,,,,,,,,,,,,,,,,,,,,,,,
118,Claire Attridge,Kieran Cox,KCCA19,Wizard Islet North,48.85916,-125.15908,08/06/2023,1,210,10:30,KDC,5.5,2,1,rni,Rhinogobiops nicholsii,Blackeye goby,21,0,,3,6,3,6,3,,,,,,,,,,,,,,,,,,,,,,
119,Claire Attridge,Kieran Cox,KCCA19,Wizard Islet North,48.85916,-125.15908,08/06/2023,1,210,10:30,KDC,5.5,2,1,das,Diodora aspera,Rough Keyhold Limpet,2,2,,,,,,,,,,,,,,,,,,,,,,,,,,,,
120,Claire Attridge,Kieran Cox,KCCA19,Wizard Islet North,48.85916,-125.15908,08/06/2023,1,210,10:30,KDC,5.5,2,1,hka,Haliotis kamtschatkana,Pinto abalone,3,0,,2,1,,,,,,,,,,,,,,,,,,,,,,,,,
121,Claire Attridge,Kieran Cox,KCCA19,Wizard Islet North,48.85916,-125.15908,08/06/2023,1,210,10:30,KDC,5.5,2,1,ogr,Oregonia gracilis,Graceful decorator crab,3,3,,,,,,,,,,,,,,,,,,,,,,,,,,,,
122,Claire Attridge,Kieran Cox,KCCA19,Wizard Islet North,48.85916,-125.15908,08/06/2023,1,210,10:30,KDC,5.5,2,1,phe,Pycnopodia helianthoides,Sunflower star,2,0,,1,,,,,1,,,,,,,,,,,,,,,,,,,,,
123,Claire Attridge,Kieran Cox,KCCA19,Wizard Islet North,48.85916,-125.15908,08/06/2023,1,210,10:30,KDC,5.5,0,1,pco,Pleuronichthys coenosus,C-o sole,1,0,,,,,,1,,,,,,,,,,,,,,,,,,,,,,
124,Claire Attridge,Kieran Cox,KCCA19,Wizard Islet North,48.85916,-125.15908,08/06/2023,1,210,10:30,KDC,5.5,0,1,dez,Debris - Zero,No Debris found,0,0,,,,,,,,,,,,,,,,,,,,,,,,,,,,
125,Claire Attridge,Kieran Cox,KCCA3,Dodger Channel 1,48.83072,-125.19439,09/06/2023,1.5,20,10:30,KDC,2,1,1,hde,Hexagrammos decagrammus,Kelp greenling,5,0,,,,3,1,1,,,,,,,,,,,,,,,,,,,,,,
126,Claire Attridge,Kieran Cox,KCCA3,Dodger Channel 1,48.83072,-125.19439,09/06/2023,1.5,20,10:30,KDC,2,2,1,pgi,Pomaulax gibberosus,Red turban shell,52,52,,,,,,,,,,,,,,,,,,,,,,,,,,,,
127,Claire Attridge,Kieran Cox,KCCA3,Dodger Channel 1,48.83072,-125.19439,09/06/2023,1.5,20,10:30,KDC,2,2,1,aha,Artedius harringtoni,Scalyhead sculpin,4,0,,1,3,,,,,,,,,,,,,,,,,,,,,,,,,
128,Claire Attridge,Kieran Cox,KCCA3,Dodger Channel 1,48.83072,-125.19439,09/06/2023,1.5,20,10:30,KDC,2,2,1,poc,Pisaster ochraceus,Purple sea star,6,6,,,,,,,,,,,,,,,,,,,,,,,,,,,,
129,Claire Attridge,Kieran Cox,KCCA3,Dodger Channel 1,48.83072,-125.19439,09/06/2023,1.5,20,10:30,KDC,2,2,1,cpr,Cancer productus,Red rock crab,2,2,,,,,,,,,,,,,,,,,,,,,,,,,,,,
130,Claire Attridge,Kieran Cox,KCCA3,Dodger Channel 1,48.83072,-125.19439,09/06/2023,1.5,20,10:30,KDC,2,2,1,ppr,Pugettia producta,Northern kelp crab,4,4,,,,,,,,,,,,,,,,,,,,,,,,,,,,
131,Claire Attridge,Kieran Cox,KCCA3,Dodger Channel 1,48.83072,-125.19439,09/06/2023,1.5,20,10:30,KDC,2,2,1,etr,Evasterias troschelii,Mottled starfish,3,3,,,,,,,,,,,,,,,,,,,,,,,,,,,,
132,Claire Attridge,Kieran Cox,KCCA3,Dodger Channel 1,48.83072,-125.19439,09/06/2023,1.5,20,10:30,KDC,2,2,1,pmi,Patiria miniata,Bat star,9,9,,,,,,,,,,,,,,,,,,,,,,,,,,,,
133,Claire Attridge,Kieran Cox,KCCA3,Dodger Channel 1,48.83072,-125.19439,09/06/2023,1.5,20,10:30,KDC,2,2,1,aca,Apostichopus californicus,California sea cucumber,15,15,,,,,,,,,,,,,,,,,,,,,,,,,,,,
134,Claire Attridge,Kieran Cox,KCCA3,Dodger Channel 1,48.83072,-125.19439,09/06/2023,1.5,20,10:30,KDC,2,2,1,mfra,Mesocentrotus franciscanus,Red sea urchin,63,63,,,,,,,,,,,,,,,,,,,,,,,,,,,,
135,Claire Attridge,Kieran Cox,KCCA3,Dodger Channel 1,48.83072,-125.19439,09/06/2023,1.5,20,10:30,KDC,2,0,1,hde,Hexagrammos decagrammus,Kelp greenling,5,0,,,2,3,,,,,,,,,,,,,,,,,,,,,,,,
136,Claire Attridge,Kieran Cox,KCCA3,Dodger Channel 1,48.83072,-125.19439,09/06/2023,1.5,20,10:30,KDC,2,2,1,hcr,Hermissenda crassicornis,Opalescent nudibranch,1,1,,,,,,,,,,,,,,,,,,,,,,,,,,,,
137,Claire Attridge,Kieran Cox,KCCA3,Dodger Channel 1,48.83072,-125.19439,09/06/2023,1.5,20,10:30,KDC,2,2,1,hka,Haliotis kamtschatkana,Pinto abalone,1,0,,,1,,,,,,,,,,,,,,,,,,,,,,,,,
138,Claire Attridge,Kieran Cox,KCCA3,Dodger Channel 1,48.83072,-125.19439,09/06/2023,1.5,20,10:30,KDC,2,2,1,cgi,Crassadoma gigantea,Purple-hinged rock scallop,3,0,,,1,1,1,,,,,,,,,,,,,,,,,,,,,,,
139,Claire Attridge,Kieran Cox,KCCA3,Dodger Channel 1,48.83072,-125.19439,09/06/2023,1.5,20,10:30,KDC,2,2,1,dim,Dermasterias imbricata,Leather star,2,2,,,,,,,,,,,,,,,,,,,,,,,,,,,,
140,Claire Attridge,Kieran Cox,KCCA3,Dodger Channel 1,48.83072,-125.19439,09/06/2023,1.5,20,10:30,KDC,2,2,1,pgi,Pomaulax gibberosus,Red turban shell,1,1,,,,,,,,,,,,,,,,,,,,,,,,,,,,
141,Claire Attridge,Kieran Cox,KCCA3,Dodger Channel 1,48.83072,-125.19439,09/06/2023,1.5,20,10:30,KDC,2,2,1,dem,Debris - Metal,Any metal debris,0,0,,,,,,,,,,,,,,,,,,,,,,,,,,,,
142,Claire Attridge,Kieran Cox,BMKC2,Tzartus 116 R,48.90084,-125.0811,10/06/2023,2.5,20,10:05,KDC,3,1,2,sca,Sebastes caurinus,Copper rockfish,6,0,,,1,1,2,1,1,,,,,,,,,,,,,,,,,,,,,
143,Claire Attridge,Kieran Cox,BMKC2,Tzartus 116 R,48.90084,-125.0811,10/06/2023,2.5,20,10:05,KDC,3,1,2,hde,Hexagrammos decagrammus,Kelp greenling,16,0,,,4,10,2,,,,,,,,,,,,,,,,,,,,,,,
144,Claire Attridge,Kieran Cox,BMKC2,Tzartus 116 R,48.90084,-125.0811,10/06/2023,2.5,20,10:05,KDC,3,1,2,rva,Rhacochilus vacca,Pile perch,3,0,,,,,2,1,,,,,,,,,,,,,,,,,,,,,,
145,Claire Attridge,Kieran Cox,BMKC2,Tzartus 116 R,48.90084,-125.0811,10/06/2023,2.5,20,10:05,KDC,3,1,2,hde,Hexagrammos decagrammus,Kelp greenling,2,0,,,1,,,,1,,,,,,,,,,,,,,,,,,,,,
146,Claire Attridge,Kieran Cox,BMKC2,Tzartus 116 R,48.90084,-125.0811,10/06/2023,2.5,20,10:05,KDC,3,1,2,rni,Rhinogobiops nicholsii,Blackeye goby,6,0,,,2,1,3,,,,,,,,,,,,,,,,,,,,,,,
147,Claire Attridge,Kieran Cox,BMKC2,Tzartus 116 R,48.90084,-125.0811,10/06/2023,2.5,20,10:05,KDC,3,2,2,pgi,Pomaulax gibberosus,Red turban shell,90,90,,,,,,,,,,,,,,,,,,,,,,,,,,,,
148,Claire Attridge,Kieran Cox,BMKC2,Tzartus 116 R,48.90084,-125.0811,10/06/2023,2.5,20,10:05,KDC,3,2,2,phe,Pycnopodia helianthoides,Sunflower star,2,0,,,2,,,,,,,,,,,,,,,,,,,,,,,,,
149,Claire Attridge,Kieran Cox,BMKC2,Tzartus 116 R,48.90084,-125.0811,10/06/2023,2.5,20,10:05,KDC,3,2,2,dim,Dermasterias imbricata,Leather star,9,9,,,,,,,,,,,,,,,,,,,,,,,,,,,,
150,Claire Attridge,Kieran Cox,BMKC2,Tzartus 116 R,48.90084,-125.0811,10/06/2023,2.5,20,10:05,KDC,3,2,2,rni,Rhinogobiops nicholsii,Blackeye goby,13,0,,5,4,1,3,,,,,,,,,,,,,,,,,,,,,,,
151,Claire Attridge,Kieran Cox,BMKC2,Tzartus 116 R,48.90084,-125.0811,10/06/2023,2.5,20,10:05,KDC,3,2,2,cfo,Ceratostoma foliatum,Leafy hornmouth,1,1,,,,,,,,,,,,,,,,,,,,,,,,,,,,
152,Claire Attridge,Kieran Cox,BMKC2,Tzartus 116 R,48.90084,-125.0811,10/06/2023,2.5,20,10:05,KDC,3,2,2,henricia,Henricia spp.,Unidentified blood star,2,2,,,,,,,,,,,,,,,,,,,,,,,,,,,,
153,Claire Attridge,Kieran Cox,BMKC2,Tzartus 116 R,48.90084,-125.0811,10/06/2023,2.5,20,10:05,KDC,3,2,2,aha,Artedius harringtoni,Scalyhead sculpin,1,0,,,1,,,,,,,,,,,,,,,,,,,,,,,,,
154,Claire Attridge,Kieran Cox,BMKC2,Tzartus 116 R,48.90084,-125.0811,10/06/2023,2.5,20,10:05,KDC,3,2,2,dec,Debris - Cloth,Any cloth debris,0,0,,,,,,,,,,,,,,,,,,,,,,,,,,,,
155,Kieran Cox,Em Lim,BMKC1,Dixon Bay 2,48.85395,-125.1161,29/05/2023,1.5,240,7:40,EGL,6,1,2,hde,Hexagrammos decagrammus,Kelp greenling,3,0,,1,1,,1,,,,,,,,,,,,,,,,,,,,,,,
156,Kieran Cox,Em Lim,BMKC1,Dixon Bay 2,48.85395,-125.1161,29/05/2023,1.5,240,7:40,EGL,6,1,2,bfr,Brachyistius frenatus,Kelp perch,5,0,2,1,2,,,,,,,,,,,,,,,,,,,,,,,,,
157,Kieran Cox,Em Lim,BMKC1,Dixon Bay 2,48.85395,-125.1161,29/05/2023,1.5,240,7:40,EGL,6,1,2,cag,Cymatogaster aggregata,Shiner perch,6,0,3,2,1,,,,,,,,,,,,,,,,,,,,,,,,,
158,Kieran Cox,Em Lim,BMKC1,Dixon Bay 2,48.85395,-125.1161,29/05/2023,1.5,240,7:40,EGL,6,1,2,sca,Sebastes caurinus,Copper rockfish,2,0,1,1,,,,,,,,,,,,,,,,,,,,,,,,,,
159,Kieran Cox,Em Lim,BMKC1,Dixon Bay 2,48.85395,-125.1161,29/05/2023,1.5,240,7:40,EGL,6,1,2,hst,Hexagrammos stelleri,Whitespotted greenling,1,0,,,,1,,,,,,,,,,,,,,,,,,,,,,,,
160,Kieran Cox,Em Lim,BMKC1,Dixon Bay 2,48.85395,-125.1161,29/05/2023,1.5,240,7:40,EGL,6,2,2,phe,Pycnopodia helianthoides,Sunflower star,7,0,5,2,,,,,,,,,,,,,,,,,,,,,,,,,,
161,Kieran Cox,Em Lim,BMKC1,Dixon Bay 2,48.85395,-125.1161,29/05/2023,1.5,240,7:40,EGL,6,2,2,oko,Orthasterias koehleri,Rainbow star,12,12,,,,,,,,,,,,,,,,,,,,,,,,,,,,
162,Kieran Cox,Em Lim,BMKC1,Dixon Bay 2,48.85395,-125.1161,29/05/2023,1.5,240,7:40,EGL,6,2,2,etr,Evasterias troschelii,Mottled starfish,8,8,,,,,,,,,,,,,,,,,,,,,,,,,,,,
163,Kieran Cox,Em Lim,BMKC1,Dixon Bay 2,48.85395,-125.1161,29/05/2023,1.5,240,7:40,EGL,6,2,2,dim,Dermasterias imbricata,Leather star,3,3,,,,,,,,,,,,,,,,,,,,,,,,,,,,
164,Kieran Cox,Em Lim,BMKC1,Dixon Bay 2,48.85395,-125.1161,29/05/2023,1.5,240,7:40,EGL,6,2,2,ppr,Pugettia producta,Northern kelp crab,2,2,,,,,,,,,,,,,,,,,,,,,,,,,,,,
165,Kieran Cox,Em Lim,BMKC1,Dixon Bay 2,48.85395,-125.1161,29/05/2023,1.5,240,7:40,EGL,6,2,2,pla,Pholis laeta,Crescent gunnel,1,0,,,,1,,,,,,,,,,,,,,,,,,,,,,,,
166,Kieran Cox,Em Lim,BMKC1,Dixon Bay 2,48.85395,-125.1161,29/05/2023,1.5,240,7:40,EGL,6,2,2,pgi,Pomaulax gibberosus,Red turban shell,7,7,,,,,,,,,,,,,,,,,,,,,,,,,,,,
167,Kieran Cox,Em Lim,BMKC1,Dixon Bay 2,48.85395,-125.1161,29/05/2023,1.5,240,7:40,EGL,6,2,2,pnot,Porichthys notatus,Plainfin Midshipman,1,0,,,,1,,,,,,,,,,,,,,,,,,,,,,,,
168,Kieran Cox,Em Lim,BMKC1,Dixon Bay 2,48.85395,-125.1161,29/05/2023,1.5,240,7:40,EGL,6,2,2,rni,Rhinogobiops nicholsii,Blackeye goby,14,0,7,4,3,,,,,,,,,,,,,,,,,,,,,,,,,
169,Kieran Cox,Em Lim,BMKC1,Dixon Bay 2,48.85395,-125.1161,29/05/2023,1.5,240,7:40,EGL,6,2,2,cgi,Crassadoma gigantea,Purple-hinged rock scallop,2,0,,1,1,,,,,,,,,,,,,,,,,,,,,,,,,
170,Kieran Cox,Em Lim,BMKC1,Dixon Bay 2,48.85395,-125.1161,29/05/2023,1.5,240,7:40,EGL,6,0,2,hde,Hexagrammos decagrammus,Kelp greenling,3,0,2,,1,,,,,,,,,,,,,,,,,,,,,,,,,
171,Kieran Cox,Em Lim,BMKC1,Dixon Bay 2,48.85395,-125.1161,29/05/2023,1.5,240,7:40,EGL,6,0,2,bfr,Brachyistius frenatus,Kelp perch,1,0,,1,,,,,,,,,,,,,,,,,,,,,,,,,,
172,Kieran Cox,Em Lim,BMKC1,Dixon Bay 2,48.85395,-125.1161,29/05/2023,1.5,240,7:40,EGL,6,2,2,pmi,Patiria miniata,Bat star,9,9,,,,,,,,,,,,,,,,,,,,,,,,,,,,
173,Kieran Cox,Em Lim,BMKC1,Dixon Bay 2,48.85395,-125.1161,29/05/2023,1.5,240,7:40,EGL,6,2,2,pgu,Pholis gunnellus,Rock gunnel,2,0,2,,,,,,,,,,,,,,,,,,,,,,,,,,,
174,Kieran Cox,Em Lim,BMKC1,Dixon Bay 2,48.85395,-125.1161,29/05/2023,1.5,240,7:40,EGL,6,0,2,afl,Aulorhynchus flavidus,Tube-snout,15,0,2,6,7,,,,,,,,,,,,,,,,,,,,,,,,,
175,Kieran Cox,Em Lim,BMKC1,Dixon Bay 2,48.85395,-125.1161,29/05/2023,1.5,240,7:40,EGL,6,0,2,dez,Debris - Zero,No Debris found,0,0,,,,,,,,,,,,,,,,,,,,,,,,,,,,
176,Kieran Cox,Em Lim,KCCA20,Nanat Bay,48.880543,-125.076486,30/05/2023,2.5,260,9:23,EGL,5.5,1,2,sca,Sebastes caurinus,Copper rockfish,11,0,1,2,2,4,1,1,,,,,,,,,,,,,,,,,,,,,,
177,Kieran Cox,Em Lim,KCCA20,Nanat Bay,48.880543,-125.076486,30/05/2023,2.5,260,9:23,EGL,5.5,1,2,sfl,Sebastes flavidus,Yellowtail rockfish,18,0,,,4,3,4,4,3,,,,,,,,,,,,,,,,,,,,,
178,Kieran Cox,Em Lim,KCCA20,Nanat Bay,48.880543,-125.076486,30/05/2023,2.5,260,9:23,EGL,5.5,1,2,sme,Sebastes melanops,Black rockfish,1,0,,,,1,,,,,,,,,,,,,,,,,,,,,,,,
179,Kieran Cox,Em Lim,KCCA20,Nanat Bay,48.880543,-125.076486,30/05/2023,2.5,260,9:23,EGL,5.5,1,2,bfr,Brachyistius frenatus,Kelp perch,37,0,10,15,10,2,,,,,,,,,,,,,,,,,,,,,,,,
180,Kieran Cox,Em Lim,KCCA20,Nanat Bay,48.880543,-125.076486,30/05/2023,2.5,260,9:23,EGL,5.5,1,2,rva,Rhacochilus vacca,Pile perch,3,0,,1,2,,,,,,,,,,,,,,,,,,,,,,,,,
181,Kieran Cox,Em Lim,KCCA20,Nanat Bay,48.880543,-125.076486,30/05/2023,2.5,260,9:23,EGL,5.5,1,2,aau,Aurelia aurita,Moon Jelly,1,0,,1,,,,,,,,,,,,,,,,,,,,,,,,,,
182,Kieran Cox,Em Lim,KCCA20,Nanat Bay,48.880543,-125.076486,30/05/2023,2.5,260,9:23,EGL,5.5,1,2,hde,Hexagrammos decagrammus,Kelp greenling,1,0,,,,,,1,,,,,,,,,,,,,,,,,,,,,,
183,Kieran Cox,Em Lim,KCCA20,Nanat Bay,48.880543,-125.076486,30/05/2023,2.5,260,9:23,EGL,5.5,0,2,hde,Hexagrammos decagrammus,Kelp greenling,1,0,,,,1,,,,,,,,,,,,,,,,,,,,,,,,
184,Kieran Cox,Em Lim,KCCA20,Nanat Bay,48.880543,-125.076486,30/05/2023,2.5,260,9:23,EGL,5.5,2,2,cpr,Cancer productus,Red rock crab,1,1,,,,,,,,,,,,,,,,,,,,,,,,,,,,
185,Kieran Cox,Em Lim,KCCA20,Nanat Bay,48.880543,-125.076486,30/05/2023,2.5,260,9:23,EGL,5.5,2,2,rni,Rhinogobiops nicholsii,Blackeye goby,25,0,8,12,5,,,,,,,,,,,,,,,,,,,,,,,,,
186,Kieran Cox,Em Lim,KCCA20,Nanat Bay,48.880543,-125.076486,30/05/2023,2.5,260,9:23,EGL,5.5,2,2,phe,Pycnopodia helianthoides,Sunflower star,10,0,5,2,2,,1,,,,,,,,,,,,,,,,,,,,,,,
187,Kieran Cox,Em Lim,KCCA20,Nanat Bay,48.880543,-125.076486,30/05/2023,2.5,260,9:23,EGL,5.5,2,2,pgi,Pomaulax gibberosus,Red turban shell,3,3,,,,,,,,,,,,,,,,,,,,,,,,,,,,
188,Kieran Cox,Em Lim,KCCA20,Nanat Bay,48.880543,-125.076486,30/05/2023,2.5,260,9:23,EGL,5.5,2,2,hhe,Hemilepidotus hemilepidotus,Red Irish lord,1,0,,,,1,,,,,,,,,,,,,,,,,,,,,,,,
189,Kieran Cox,Em Lim,KCCA20,Nanat Bay,48.880543,-125.076486,30/05/2023,2.5,260,9:23,EGL,5.5,2,2,etr,Evasterias troschelii,Mottled starfish,1,1,,,,,,,,,,,,,,,,,,,,,,,,,,,,
190,Kieran Cox,Em Lim,KCCA20,Nanat Bay,48.880543,-125.076486,30/05/2023,2.5,260,9:23,EGL,5.5,2,2,pmi,Patiria miniata,Bat star,6,6,,,,,,,,,,,,,,,,,,,,,,,,,,,,
191,Kieran Cox,Em Lim,KCCA20,Nanat Bay,48.880543,-125.076486,30/05/2023,2.5,260,9:23,EGL,5.5,2,2,ppr,Pugettia producta,Northern kelp crab,7,7,,,,,,,,,,,,,,,,,,,,,,,,,,,,
192,Kieran Cox,Em Lim,KCCA20,Nanat Bay,48.880543,-125.076486,30/05/2023,2.5,260,9:23,EGL,5.5,2,2,cfo,Ceratostoma foliatum,Leafy hornmouth,3,3,,,,,,,,,,,,,,,,,,,,,,,,,,,,
193,Kieran Cox,Em Lim,KCCA20,Nanat Bay,48.880543,-125.076486,30/05/2023,2.5,260,9:23,EGL,5.5,2,2,dim,Dermasterias imbricata,Leather star,4,4,,,,,,,,,,,,,,,,,,,,,,,,,,,,
194,Kieran Cox,Em Lim,KCCA20,Nanat Bay,48.880543,-125.076486,30/05/2023,2.5,260,9:23,EGL,5.5,2,2,opi,Oxylebius pictus,Painted greenling,1,0,,,1,,,,,,,,,,,,,,,,,,,,,,,,,
195,Kieran Cox,Em Lim,KCCA20,Nanat Bay,48.880543,-125.076486,30/05/2023,2.5,260,9:23,EGL,5.5,2,2,aca,Apostichopus californicus,California sea cucumber,1,1,,,,,,,,,,,,,,,,,,,,,,,,,,,,
196,Kieran Cox,Em Lim,KCCA20,Nanat Bay,48.880543,-125.076486,30/05/2023,2.5,260,9:23,EGL,5.5,2,2,oko,Orthasterias koehleri,Rainbow star,1,1,,,,,,,,,,,,,,,,,,,,,,,,,,,,
197,Kieran Cox,Em Lim,KCCA20,Nanat Bay,48.880543,-125.076486,30/05/2023,2.5,260,9:23,EGL,5.5,0,2,dez,Debris - Zero,No Debris found,0,0,,,,,,,,,,,,,,,,,,,,,,,,,,,,
198,Kieran Cox,Claire Attridge,KCCA19,Wizard Islet North,48.85916,-125.15908,08/06/2023,1,210,10:30,KDC,5.5,1,2,hde,Hexagrammos decagrammus,Kelp greenling,1,0,,,,,,,,,,1,,,,,,,,,,,,,,,,,,
199,Kieran Cox,Claire Attridge,KCCA19,Wizard Islet North,48.85916,-125.15908,08/06/2023,1,210,10:30,KDC,5.5,2,2,mfra,Mesocentrotus franciscanus,Red sea urchin,364,364,,,,,,,,,,,,,,,,,,,,,,,,,,,,
200,Kieran Cox,Claire Attridge,KCCA19,Wizard Islet North,48.85916,-125.15908,08/06/2023,1,210,10:30,KDC,5.5,2,2,aca,Apostichopus californicus,California sea cucumber,32,32,,,,,,,,,,,,,,,,,,,,,,,,,,,,
201,Kieran Cox,Claire Attridge,KCCA19,Wizard Islet North,48.85916,-125.15908,08/06/2023,1,210,10:30,KDC,5.5,2,2,rni,Rhinogobiops nicholsii,Blackeye goby,13,0,3,4,6,,,,,,,,,,,,,,,,,,,,,,,,,
202,Kieran Cox,Claire Attridge,KCCA19,Wizard Islet North,48.85916,-125.15908,08/06/2023,1,210,10:30,KDC,5.5,2,2,aha,Artedius harringtoni,Scalyhead sculpin,13,0,4,5,4,,,,,,,,,,,,,,,,,,,,,,,,,
203,Kieran Cox,Claire Attridge,KCCA19,Wizard Islet North,48.85916,-125.15908,08/06/2023,1,210,10:30,KDC,5.5,2,2,ata,Asemichthys taylori,Spinynose sculpin,2,0,,2,,,,,,,,,,,,,,,,,,,,,,,,,,
204,Kieran Cox,Claire Attridge,KCCA19,Wizard Islet North,48.85916,-125.15908,08/06/2023,1,210,10:30,KDC,5.5,2,2,oko,Orthasterias koehleri,Rainbow star,16,16,,,,,,,,,,,,,,,,,,,,,,,,,,,,
205,Kieran Cox,Claire Attridge,KCCA19,Wizard Islet North,48.85916,-125.15908,08/06/2023,1,210,10:30,KDC,5.5,2,2,hcr,Hermissenda crassicornis,Opalescent nudibranch,1,1,,,,,,,,,,,,,,,,,,,,,,,,,,,,
206,Kieran Cox,Claire Attridge,KCCA19,Wizard Islet North,48.85916,-125.15908,08/06/2023,1,210,10:30,KDC,5.5,2,2,cgi,Crassadoma gigantea,Purple-hinged rock scallop,2,0,,1,,1,,,,,,,,,,,,,,,,,,,,,,,,
207,Kieran Cox,Claire Attridge,KCCA19,Wizard Islet North,48.85916,-125.15908,08/06/2023,1,210,10:30,KDC,5.5,2,2,pgi,Pomaulax gibberosus,Red turban shell,14,14,,,,,,,,,,,,,,,,,,,,,,,,,,,,
208,Kieran Cox,Claire Attridge,KCCA19,Wizard Islet North,48.85916,-125.15908,08/06/2023,1,210,10:30,KDC,5.5,2,2,dim,Dermasterias imbricata,Leather star,12,12,,,,,,,,,,,,,,,,,,,,,,,,,,,,
209,Kieran Cox,Claire Attridge,KCCA19,Wizard Islet North,48.85916,-125.15908,08/06/2023,1,210,10:30,KDC,5.5,2,2,pmi,Patiria miniata,Bat star,14,14,,,,,,,,,,,,,,,,,,,,,,,,,,,,
210,Kieran Cox,Claire Attridge,KCCA19,Wizard Islet North,48.85916,-125.15908,08/06/2023,1,210,10:30,KDC,5.5,2,2,jzo,Jordania zonope,Longfin sculpin,4,0,4,,,,,,,,,,,,,,,,,,,,,,,,,,,
211,Kieran Cox,Claire Attridge,KCCA19,Wizard Islet North,48.85916,-125.15908,08/06/2023,1,210,10:30,KDC,5.5,0,2,hde,Hexagrammos decagrammus,Kelp greenling,1,0,,,1,,,,,,,,,,,,,,,,,,,,,,,,,
212,Kieran Cox,Claire Attridge,KCCA19,Wizard Islet North,48.85916,-125.15908,08/06/2023,1,210,10:30,KDC,5.5,2,2,pno,Peltodoris nobilis,Noble sea lemon,2,2,,,,,,,,,,,,,,,,,,,,,,,,,,,,
213,Kieran Cox,Claire Attridge,KCCA19,Wizard Islet North,48.85916,-125.15908,08/06/2023,1,210,10:30,KDC,5.5,2,2,hka,Haliotis kamtschatkana,Pinto abalone,5,0,4,1,,,,,,,,,,,,,,,,,,,,,,,,,,
214,Kieran Cox,Claire Attridge,KCCA19,Wizard Islet North,48.85916,-125.15908,08/06/2023,1,210,10:30,KDC,5.5,2,2,sdr,Strongylocentrotus droebachiensis,Northern sea urchin,1,1,,,,,,,,,,,,,,,,,,,,,,,,,,,,
215,Kieran Cox,Claire Attridge,KCCA19,Wizard Islet North,48.85916,-125.15908,08/06/2023,1,210,10:30,KDC,5.5,2,2,henricia,Henricia spp.,Unidentified blood star,2,2,,,,,,,,,,,,,,,,,,,,,,,,,,,,
216,Kieran Cox,Claire Attridge,KCCA19,Wizard Islet North,48.85916,-125.15908,08/06/2023,1,210,10:30,KDC,5.5,2,2,phe,Pycnopodia helianthoides,Sunflower star,1,0,1,,,,,,,,,,,,,,,,,,,,,,,,,,,
217,Kieran Cox,Claire Attridge,KCCA19,Wizard Islet North,48.85916,-125.15908,08/06/2023,1,210,10:30,KDC,5.5,2,2,opi,Oxylebius pictus,Painted greenling,1,0,,,,1,,,,,,,,,,,,,,,,,,,,,,,,
218,Kieran Cox,Claire Attridge,KCCA19,Wizard Islet North,48.85916,-125.15908,08/06/2023,1,210,10:30,KDC,5.5,0,2,dez,Debris - Zero,No Debris found,0,0,,,,,,,,,,,,,,,,,,,,,,,,,,,,
219,Claire Attridge,Kieran Cox,KCCA11,Ross Islet 2,48.87229,-125.1627,12/06/2023,2,150,10:30,KDC,3.5,1,2,rva,Rhacochilus vacca,Pile perch,6,0,,,,,2,3,1,,,,,,,,,,,,,,,,,,,,,
220,Claire Attridge,Kieran Cox,KCCA11,Ross Islet 2,48.87229,-125.1627,12/06/2023,2,150,10:30,KDC,3.5,1,2,hde,Hexagrammos decagrammus,Kelp greenling,7,0,,,,,,,2,1,3,1,,,,,,,,,,,,,,,,,,
221,Claire Attridge,Kieran Cox,KCCA11,Ross Islet 2,48.87229,-125.1627,12/06/2023,2,150,10:30,KDC,3.5,1,2,bfr,Brachyistius frenatus,Kelp perch,18,0,,,4,9,5,,,,,,,,,,,,,,,,,,,,,,,
222,Claire Attridge,Kieran Cox,KCCA11,Ross Islet 2,48.87229,-125.1627,12/06/2023,2,150,10:30,KDC,3.5,1,2,cag,Cymatogaster aggregata,Shiner perch,19,0,,,1,12,6,,,,,,,,,,,,,,,,,,,,,,,
223,Claire Attridge,Kieran Cox,KCCA11,Ross Islet 2,48.87229,-125.1627,12/06/2023,2,150,10:30,KDC,3.5,1,2,sca,Sebastes caurinus,Copper rockfish,7,0,,,,2,3,1,1,,,,,,,,,,,,,,,,,,,,,
224,Claire Attridge,Kieran Cox,KCCA11,Ross Islet 2,48.87229,-125.1627,12/06/2023,2,150,10:30,KDC,3.5,1,2,sebastes,Sebastes spp.,Unidentified rockfish,2,0,,2,,,,,,,,,,,,,,,,,,,,,,,,,,
225,Claire Attridge,Kieran Cox,KCCA11,Ross Islet 2,48.87229,-125.1627,12/06/2023,2,150,10:30,KDC,3.5,2,2,pmi,Patiria miniata,Bat star,40,40,,,,,,,,,,,,,,,,,,,,,,,,,,,,
226,Claire Attridge,Kieran Cox,KCCA11,Ross Islet 2,48.87229,-125.1627,12/06/2023,2,150,10:30,KDC,3.5,2,2,pgi,Pomaulax gibberosus,Red turban shell,94,94,,,,,,,,,,,,,,,,,,,,,,,,,,,,
227,Claire Attridge,Kieran Cox,KCCA11,Ross Islet 2,48.87229,-125.1627,12/06/2023,2,150,10:30,KDC,3.5,2,2,mfra,Mesocentrotus franciscanus,Red sea urchin,28,28,,,,,,,,,,,,,,,,,,,,,,,,,,,,
228,Claire Attridge,Kieran Cox,KCCA11,Ross Islet 2,48.87229,-125.1627,12/06/2023,2,150,10:30,KDC,3.5,2,2,rni,Rhinogobiops nicholsii,Blackeye goby,46,0,,7,10,14,14,1,,,,,,,,,,,,,,,,,,,,,,
229,Claire Attridge,Kieran Cox,KCCA11,Ross Islet 2,48.87229,-125.1627,12/06/2023,2,150,10:30,KDC,3.5,0,2,hde,Hexagrammos decagrammus,Kelp greenling,5,0,,,3,1,,1,,,,,,,,,,,,,,,,,,,,,,
230,Claire Attridge,Kieran Cox,KCCA11,Ross Islet 2,48.87229,-125.1627,12/06/2023,2,150,10:30,KDC,3.5,2,2,hcr,Hermissenda crassicornis,Opalescent nudibranch,3,3,,,,,,,,,,,,,,,,,,,,,,,,,,,,
231,Claire Attridge,Kieran Cox,KCCA11,Ross Islet 2,48.87229,-125.1627,12/06/2023,2,150,10:30,KDC,3.5,2,2,dim,Dermasterias imbricata,Leather star,21,21,,,,,,,,,,,,,,,,,,,,,,,,,,,,
232,Claire Attridge,Kieran Cox,KCCA11,Ross Islet 2,48.87229,-125.1627,12/06/2023,2,150,10:30,KDC,3.5,2,2,phe,Pycnopodia helianthoides,Sunflower star,1,0,,,1,,,,,,,,,,,,,,,,,,,,,,,,,
233,Claire Attridge,Kieran Cox,KCCA11,Ross Islet 2,48.87229,-125.1627,12/06/2023,2,150,10:30,KDC,3.5,2,2,oko,Orthasterias koehleri,Rainbow star,16,16,,,,,,,,,,,,,,,,,,,,,,,,,,,,
234,Claire Attridge,Kieran Cox,KCCA11,Ross Islet 2,48.87229,-125.1627,12/06/2023,2,150,10:30,KDC,3.5,2,2,aca,Apostichopus californicus,California sea cucumber,9,9,,,,,,,,,,,,,,,,,,,,,,,,,,,,
235,Claire Attridge,Kieran Cox,KCCA11,Ross Islet 2,48.87229,-125.1627,12/06/2023,2,150,10:30,KDC,3.5,2,2,ami,Acmaea mitra,Whitecap limpet,3,3,,,,,,,,,,,,,,,,,,,,,,,,,,,,
236,Claire Attridge,Kieran Cox,KCCA11,Ross Islet 2,48.87229,-125.1627,12/06/2023,2,150,10:30,KDC,3.5,2,2,hka,Haliotis kamtschatkana,Pinto abalone,2,0,,,2,,,,,,,,,,,,,,,,,,,,,,,,,
237,Claire Attridge,Kieran Cox,KCCA11,Ross Islet 2,48.87229,-125.1627,12/06/2023,2,150,10:30,KDC,3.5,2,2,etr,Evasterias troschelii,Mottled starfish,3,3,,,,,,,,,,,,,,,,,,,,,,,,,,,,
238,Claire Attridge,Kieran Cox,KCCA11,Ross Islet 2,48.87229,-125.1627,12/06/2023,2,150,10:30,KDC,3.5,2,2,pla,Pholis laeta,Crescent gunnel,3,0,,,,,2,1,,,,,,,,,,,,,,,,,,,,,,
239,Claire Attridge,Kieran Cox,KCCA11,Ross Islet 2,48.87229,-125.1627,12/06/2023,2,150,10:30,KDC,3.5,2,2,rri,Rhamphocottus richardsonii,Grunt sculpin,1,0,,1,,,,,,,,,,,,,,,,,,,,,,,,,,
240,Claire Attridge,Kieran Cox,KCCA11,Ross Islet 2,48.87229,-125.1627,12/06/2023,2,150,10:30,KDC,3.5,2,2,cpr,Cancer productus,Red rock crab,2,2,,,,,,,,,,,,,,,,,,,,,,,,,,,,
241,Claire Attridge,Kieran Cox,KCCA11,Ross Islet 2,48.87229,-125.1627,12/06/2023,2,150,10:30,KDC,3.5,2,2,lcoc,Limacia cockerelli,Cockerell's dorid,3,3,,,,,,,,,,,,,,,,,,,,,,,,,,,,
242,Claire Attridge,Kieran Cox,KCCA11,Ross Islet 2,48.87229,-125.1627,12/06/2023,2,150,10:30,KDC,3.5,2,2,ppr,Pugettia producta,Northern kelp crab,3,3,,,,,,,,,,,,,,,,,,,,,,,,,,,,
243,Claire Attridge,Kieran Cox,KCCA11,Ross Islet 2,48.87229,-125.1627,12/06/2023,2,150,10:30,KDC,3.5,2,2,noc,Nautichthys oculofasciatus,Sailfin sculpin,1,0,,,,,,1,,,,,,,,,,,,,,,,,,,,,,
244,Claire Attridge,Kieran Cox,KCCA11,Ross Islet 2,48.87229,-125.1627,12/06/2023,2,150,10:30,KDC,3.5,2,2,pgr,Pugettia gracilis,Graceful kelp crab,5,5,,,,,,,,,,,,,,,,,,,,,,,,,,,,
245,Claire Attridge,Kieran Cox,KCCA11,Ross Islet 2,48.87229,-125.1627,12/06/2023,2,150,10:30,KDC,3.5,2,2,sma,Sebastes maliger,Quillback rockfish,2,0,,,,,1,1,,,,,,,,,,,,,,,,,,,,,,
246,Claire Attridge,Kieran Cox,KCCA11,Ross Islet 2,48.87229,-125.1627,12/06/2023,2,150,10:30,KDC,3.5,2,2,ogr,Oregonia gracilis,Graceful decorator crab,1,1,,,,,,,,,,,,,,,,,,,,,,,,,,,,
247,Claire Attridge,Kieran Cox,KCCA11,Ross Islet 2,48.87229,-125.1627,12/06/2023,2,150,10:30,KDC,3.5,2,2,sfo,Stylasterias forreri,Velcro seastar,1,1,,,,,,,,,,,,,,,,,,,,,,,,,,,,
248,Claire Attridge,Kieran Cox,KCCA11,Ross Islet 2,48.87229,-125.1627,12/06/2023,2,150,10:30,KDC,3.5,2,2,dez,Debris - Zero,No Debris found,0,0,,,,,,,,,,,,,,,,,,,,,,,,,,,,
249,Claire Attridge,Kieran Cox,KCCA6,Less Dangerous Bay,48.87535,-125.0915,13/06/2023,3,40,8:56,KDC,3.2,1,1,hde,Hexagrammos decagrammus,Kelp greenling,8,0,,,,,,1,5,2,,,,,,,,,,,,,,,,,,,,
250,Claire Attridge,Kieran Cox,KCCA6,Less Dangerous Bay,48.87535,-125.0915,13/06/2023,3,40,8:56,KDC,3.2,1,1,sca,Sebastes caurinus,Copper rockfish,1,0,,,,,,1,,,,,,,,,,,,,,,,,,,,,,
251,Claire Attridge,Kieran Cox,KCCA6,Less Dangerous Bay,48.87535,-125.0915,13/06/2023,3,40,8:56,KDC,3.2,2,1,dim,Dermasterias imbricata,Leather star,10,10,,,,,,,,,,,,,,,,,,,,,,,,,,,,
252,Claire Attridge,Kieran Cox,KCCA6,Less Dangerous Bay,48.87535,-125.0915,13/06/2023,3,40,8:56,KDC,3.2,2,1,pmi,Patiria miniata,Bat star,46,46,,,,,,,,,,,,,,,,,,,,,,,,,,,,
253,Claire Attridge,Kieran Cox,KCCA6,Less Dangerous Bay,48.87535,-125.0915,13/06/2023,3,40,8:56,KDC,3.2,2,1,etr,Evasterias troschelii,Mottled starfish,6,6,,,,,,,,,,,,,,,,,,,,,,,,,,,,
254,Claire Attridge,Kieran Cox,KCCA6,Less Dangerous Bay,48.87535,-125.0915,13/06/2023,3,40,8:56,KDC,3.2,2,1,mfra,Mesocentrotus franciscanus,Red sea urchin,4,4,,,,,,,,,,,,,,,,,,,,,,,,,,,,
255,Claire Attridge,Kieran Cox,KCCA6,Less Dangerous Bay,48.87535,-125.0915,13/06/2023,3,40,8:56,KDC,3.2,2,1,phe,Pycnopodia helianthoides,Sunflower star,1,0,,1,,,,,,,,,,,,,,,,,,,,,,,,,,
256,Claire Attridge,Kieran Cox,KCCA6,Less Dangerous Bay,48.87535,-125.0915,13/06/2023,3,40,8:56,KDC,3.2,2,1,aca,Apostichopus californicus,California sea cucumber,4,4,,,,,,,,,,,,,,,,,,,,,,,,,,,,
257,Claire Attridge,Kieran Cox,KCCA6,Less Dangerous Bay,48.87535,-125.0915,13/06/2023,3,40,8:56,KDC,3.2,2,1,rni,Rhinogobiops nicholsii,Blackeye goby,10,0,,,3,5,2,,,,,,,,,,,,,,,,,,,,,,,
258,Claire Attridge,Kieran Cox,KCCA6,Less Dangerous Bay,48.87535,-125.0915,13/06/2023,3,40,8:56,KDC,3.2,2,1,cgi,Crassadoma gigantea,Purple-hinged rock scallop,2,0,,,,1,1,,,,,,,,,,,,,,,,,,,,,,,
259,Claire Attridge,Kieran Cox,KCCA6,Less Dangerous Bay,48.87535,-125.0915,13/06/2023,3,40,8:56,KDC,3.2,2,1,das,Diodora aspera,Rough Keyhold Limpet,1,1,,,,,,,,,,,,,,,,,,,,,,,,,,,,
260,Claire Attridge,Kieran Cox,KCCA6,Less Dangerous Bay,48.87535,-125.0915,13/06/2023,3,40,8:56,KDC,3.2,2,1,pgi,Pomaulax gibberosus,Red turban shell,3,3,,,,,,,,,,,,,,,,,,,,,,,,,,,,
261,Claire Attridge,Kieran Cox,KCCA6,Less Dangerous Bay,48.87535,-125.0915,13/06/2023,3,40,8:56,KDC,3.2,2,1,cpr,Cancer productus,Red rock crab,5,5,,,,,,,,,,,,,,,,,,,,,,,,,,,,
262,Claire Attridge,Kieran Cox,KCCA6,Less Dangerous Bay,48.87535,-125.0915,13/06/2023,3,40,8:56,KDC,3.2,2,1,lcoc,Limacia cockerelli,Cockerell's dorid,1,1,,,,,,,,,,,,,,,,,,,,,,,,,,,,
263,Claire Attridge,Kieran Cox,KCCA6,Less Dangerous Bay,48.87535,-125.0915,13/06/2023,3,40,8:56,KDC,3.2,2,1,pla,Pholis laeta,Crescent gunnel,1,0,,,,1,,,,,,,,,,,,,,,,,,,,,,,,
264,Claire Attridge,Kieran Cox,KCCA6,Less Dangerous Bay,48.87535,-125.0915,13/06/2023,3,40,8:56,KDC,3.2,2,1,jzo,Jordania zonope,Longfin sculpin,1,0,,,,1,,,,,,,,,,,,,,,,,,,,,,,,
265,Claire Attridge,Kieran Cox,KCCA6,Less Dangerous Bay,48.87535,-125.0915,13/06/2023,3,40,8:56,KDC,3.2,0,1,dez,Debris - Zero,No Debris found,0,0,,,,,,,,,,,,,,,,,,,,,,,,,,,,
266,Claire Attridge,Kieran Cox,KCCA1,Ross Islet Slug Island,48.87039,-125.1599,14/06/2023,3.5,90,10:14,KDC,2.7,1,2,sme,Sebastes melanops,Black rockfish,2,0,,,,,,1,1,,,,,,,,,,,,,,,,,,,,,
267,Claire Attridge,Kieran Cox,KCCA1,Ross Islet Slug Island,48.87039,-125.1599,14/06/2023,3.5,90,10:14,KDC,2.7,1,2,sca,Sebastes caurinus,Copper rockfish,2,0,,,,,,2,,,,,,,,,,,,,,,,,,,,,,
268,Claire Attridge,Kieran Cox,KCCA1,Ross Islet Slug Island,48.87039,-125.1599,14/06/2023,3.5,90,10:14,KDC,2.7,1,2,bfr,Brachyistius frenatus,Kelp perch,3,0,,,,2,1,,,,,,,,,,,,,,,,,,,,,,,
269,Claire Attridge,Kieran Cox,KCCA1,Ross Islet Slug Island,48.87039,-125.1599,14/06/2023,3.5,90,10:14,KDC,2.7,1,2,hde,Hexagrammos decagrammus,Kelp greenling,4,0,,,,,,,2,1,,1,,,,,,,,,,,,,,,,,,
270,Claire Attridge,Kieran Cox,KCCA1,Ross Islet Slug Island,48.87039,-125.1599,14/06/2023,3.5,90,10:14,KDC,2.7,1,2,opi,Oxylebius pictus,Painted greenling,2,0,,,,,1,1,,,,,,,,,,,,,,,,,,,,,,
271,Claire Attridge,Kieran Cox,KCCA1,Ross Islet Slug Island,48.87039,-125.1599,14/06/2023,3.5,90,10:14,KDC,2.7,1,2,cag,Cymatogaster aggregata,Shiner perch,4,0,,,2,2,,,,,,,,,,,,,,,,,,,,,,,,
272,Claire Attridge,Kieran Cox,KCCA1,Ross Islet Slug Island,48.87039,-125.1599,14/06/2023,3.5,90,10:14,KDC,2.7,1,2,rva,Rhacochilus vacca,Pile perch,3,0,,,,2,1,,,,,,,,,,,,,,,,,,,,,,,
273,Claire Attridge,Kieran Cox,KCCA1,Ross Islet Slug Island,48.87039,-125.1599,14/06/2023,3.5,90,10:14,KDC,2.7,1,2,rni,Rhinogobiops nicholsii,Blackeye goby,1,0,,,1,,,,,,,,,,,,,,,,,,,,,,,,,
274,Claire Attridge,Kieran Cox,KCCA1,Ross Islet Slug Island,48.87039,-125.1599,14/06/2023,3.5,90,10:14,KDC,2.7,2,2,mfra,Mesocentrotus franciscanus,Red sea urchin,39,39,,,,,,,,,,,,,,,,,,,,,,,,,,,,
275,Claire Attridge,Kieran Cox,KCCA1,Ross Islet Slug Island,48.87039,-125.1599,14/06/2023,3.5,90,10:14,KDC,2.7,2,2,hka,Haliotis kamtschatkana,Pinto abalone,24,0,,4,7,9,4,,,,,,,,,,,,,,,,,,,,,,,
276,Claire Attridge,Kieran Cox,KCCA1,Ross Islet Slug Island,48.87039,-125.1599,14/06/2023,3.5,90,10:14,KDC,2.7,2,2,dim,Dermasterias imbricata,Leather star,8,8,,,,,,,,,,,,,,,,,,,,,,,,,,,,
277,Claire Attridge,Kieran Cox,KCCA1,Ross Islet Slug Island,48.87039,-125.1599,14/06/2023,3.5,90,10:14,KDC,2.7,2,2,pmi,Patiria miniata,Bat star,44,44,,,,,,,,,,,,,,,,,,,,,,,,,,,,
278,Claire Attridge,Kieran Cox,KCCA1,Ross Islet Slug Island,48.87039,-125.1599,14/06/2023,3.5,90,10:14,KDC,2.7,2,2,rni,Rhinogobiops nicholsii,Blackeye goby,58,0,,9,18,19,12,,,,,,,,,,,,,,,,,,,,,,,
279,Claire Attridge,Kieran Cox,KCCA1,Ross Islet Slug Island,48.87039,-125.1599,14/06/2023,3.5,90,10:14,KDC,2.7,2,2,etr,Evasterias troschelii,Mottled starfish,3,3,,,,,,,,,,,,,,,,,,,,,,,,,,,,
280,Claire Attridge,Kieran Cox,KCCA1,Ross Islet Slug Island,48.87039,-125.1599,14/06/2023,3.5,90,10:14,KDC,2.7,2,2,phe,Pycnopodia helianthoides,Sunflower star,3,0,3,,,,,,,,,,,,,,,,,,,,,,,,,,,
281,Claire Attridge,Kieran Cox,KCCA1,Ross Islet Slug Island,48.87039,-125.1599,14/06/2023,3.5,90,10:14,KDC,2.7,2,2,das,Diodora aspera,Rough Keyhold Limpet,7,7,,,,,,,,,,,,,,,,,,,,,,,,,,,,
282,Claire Attridge,Kieran Cox,KCCA1,Ross Islet Slug Island,48.87039,-125.1599,14/06/2023,3.5,90,10:14,KDC,2.7,2,2,pgi,Pomaulax gibberosus,Red turban shell,15,15,,,,,,,,,,,,,,,,,,,,,,,,,,,,
283,Claire Attridge,Kieran Cox,KCCA1,Ross Islet Slug Island,48.87039,-125.1599,14/06/2023,3.5,90,10:14,KDC,2.7,2,2,sca,Sebastes caurinus,Copper rockfish,4,0,,,,1,3,,,,,,,,,,,,,,,,,,,,,,,
284,Claire Attridge,Kieran Cox,KCCA1,Ross Islet Slug Island,48.87039,-125.1599,14/06/2023,3.5,90,10:14,KDC,2.7,2,2,poc,Pisaster ochraceus,Purple sea star,1,1,,,,,,,,,,,,,,,,,,,,,,,,,,,,
285,Claire Attridge,Kieran Cox,KCCA1,Ross Islet Slug Island,48.87039,-125.1599,14/06/2023,3.5,90,10:14,KDC,2.7,2,2,oko,Orthasterias koehleri,Rainbow star,5,5,,,,,,,,,,,,,,,,,,,,,,,,,,,,
286,Claire Attridge,Kieran Cox,KCCA1,Ross Islet Slug Island,48.87039,-125.1599,14/06/2023,3.5,90,10:14,KDC,2.7,2,2,pgr,Pugettia gracilis,Graceful kelp crab,1,1,,,,,,,,,,,,,,,,,,,,,,,,,,,,
287,Claire Attridge,Kieran Cox,KCCA1,Ross Islet Slug Island,48.87039,-125.1599,14/06/2023,3.5,90,10:14,KDC,2.7,2,2,ogr,Oregonia gracilis,Graceful decorator crab,6,6,,,,,,,,,,,,,,,,,,,,,,,,,,,,
288,Claire Attridge,Kieran Cox,KCCA1,Ross Islet Slug Island,48.87039,-125.1599,14/06/2023,3.5,90,10:14,KDC,2.7,2,2,spu,Strongylocentrotus purpuratus,Purple sea urchin,4,4,,,,,,,,,,,,,,,,,,,,,,,,,,,,
289,Claire Attridge,Kieran Cox,KCCA1,Ross Islet Slug Island,48.87039,-125.1599,14/06/2023,3.5,90,10:14,KDC,2.7,2,2,aca,Apostichopus californicus,California sea cucumber,10,10,,,,,,,,,,,,,,,,,,,,,,,,,,,,
290,Claire Attridge,Kieran Cox,KCCA1,Ross Islet Slug Island,48.87039,-125.1599,14/06/2023,3.5,90,10:14,KDC,2.7,2,2,afl,Apodichthys flavidus,Penpoint gunnel,1,0,,,,1,,,,,,,,,,,,,,,,,,,,,,,,
291,Claire Attridge,Kieran Cox,KCCA1,Ross Islet Slug Island,48.87039,-125.1599,14/06/2023,3.5,90,10:14,KDC,2.7,2,2,sdr,Strongylocentrotus droebachiensis,Northern sea urchin,1,1,,,,,,,,,,,,,,,,,,,,,,,,,,,,
292,Claire Attridge,Kieran Cox,KCCA1,Ross Islet Slug Island,48.87039,-125.1599,14/06/2023,3.5,90,10:14,KDC,2.7,2,2,cfo,Ceratostoma foliatum,Leafy hornmouth,3,3,,,,,,,,,,,,,,,,,,,,,,,,,,,,
293,Claire Attridge,Kieran Cox,KCCA1,Ross Islet Slug Island,48.87039,-125.1599,14/06/2023,3.5,90,10:14,KDC,2.7,0,2,sne,Sebastes nebulosus,China rockfish,1,0,,,,,,1,,,,,,,,,,,,,,,,,,,,,,
294,Claire Attridge,Kieran Cox,KCCA1,Ross Islet Slug Island,48.87039,-125.1599,14/06/2023,3.5,90,10:14,KDC,2.7,0,2,sfl,Sebastes flavidus,Yellowtail rockfish,1,0,,,,,1,,,,,,,,,,,,,,,,,,,,,,,
295,Claire Attridge,Kieran Cox,KCCA1,Ross Islet Slug Island,48.87039,-125.1599,14/06/2023,3.5,90,10:14,KDC,2.7,0,2,dez,Debris - Zero,No Debris found,0,0,,,,,,,,,,,,,,,,,,,,,,,,,,,,
296,Kieran Cox,Em Lim,KCCA23,Flemming 114,48.8915,-125.1149,28/05/2023,1,40,10:15,EGL,10,1,2,sca,Sebastes caurinus,Copper rockfish,4,0,,1,1,,,,1,,1,,,,,,,,,,,,,,,,,,,
297,Kieran Cox,Em Lim,KCCA23,Flemming 114,48.8915,-125.1149,28/05/2023,1,40,10:15,EGL,10,1,2,hde,Hexagrammos decagrammus,Kelp greenling,1,0,,,,,,,,1,,,,,,,,,,,,,,,,,,,,
298,Kieran Cox,Em Lim,KCCA23,Flemming 114,48.8915,-125.1149,28/05/2023,1,40,10:15,EGL,10,2,2,ami,Acmaea mitra,Whitecap limpet,6,6,,,,,,,,,,,,,,,,,,,,,,,,,,,,
299,Kieran Cox,Em Lim,KCCA23,Flemming 114,48.8915,-125.1149,28/05/2023,1,40,10:15,EGL,10,2,2,rni,Rhinogobiops nicholsii,Blackeye goby,39,0,17,12,10,,,,,,,,,,,,,,,,,,,,,,,,,
300,Kieran Cox,Em Lim,KCCA23,Flemming 114,48.8915,-125.1149,28/05/2023,1,40,10:15,EGL,10,2,2,henricia,Henricia spp.,Unidentified blood star,3,3,,,,,,,,,,,,,,,,,,,,,,,,,,,,
301,Kieran Cox,Em Lim,KCCA23,Flemming 114,48.8915,-125.1149,28/05/2023,1,40,10:15,EGL,10,2,2,cpr,Cancer productus,Red rock crab,1,1,,,,,,,,,,,,,,,,,,,,,,,,,,,,
302,Kieran Cox,Em Lim,KCCA23,Flemming 114,48.8915,-125.1149,28/05/2023,1,40,10:15,EGL,10,2,2,phe,Pycnopodia helianthoides,Sunflower star,6,0,1,4,1,,,,,,,,,,,,,,,,,,,,,,,,,
303,Kieran Cox,Em Lim,KCCA23,Flemming 114,48.8915,-125.1149,28/05/2023,1,40,10:15,EGL,10,2,2,dim,Dermasterias imbricata,Leather star,8,8,,,,,,,,,,,,,,,,,,,,,,,,,,,,
304,Kieran Cox,Em Lim,KCCA23,Flemming 114,48.8915,-125.1149,28/05/2023,1,40,10:15,EGL,10,2,2,lhe,Leptasterias hexactis,Six-rayed star,5,5,,,,,,,,,,,,,,,,,,,,,,,,,,,,
305,Kieran Cox,Em Lim,KCCA23,Flemming 114,48.8915,-125.1149,28/05/2023,1,40,10:15,EGL,10,2,2,dod,Doris odhneri,White night doris,1,1,,,,,,,,,,,,,,,,,,,,,,,,,,,,
306,Kieran Cox,Em Lim,KCCA23,Flemming 114,48.8915,-125.1149,28/05/2023,1,40,10:15,EGL,10,2,2,cgi,Crassadoma gigantea,Purple-hinged rock scallop,1,0,,,1,,,,,,,,,,,,,,,,,,,,,,,,,
307,Kieran Cox,Em Lim,KCCA23,Flemming 114,48.8915,-125.1149,28/05/2023,1,40,10:15,EGL,10,2,2,pca,Parastichopus californicus,Californian sea cucumber,3,3,,,,,,,,,,,,,,,,,,,,,,,,,,,,
308,Kieran Cox,Em Lim,KCCA23,Flemming 114,48.8915,-125.1149,28/05/2023,1,40,10:15,EGL,10,2,2,sdr,Strongylocentrotus droebachiensis,Northern sea urchin,1,1,,,,,,,,,,,,,,,,,,,,,,,,,,,,
309,Kieran Cox,Em Lim,KCCA23,Flemming 114,48.8915,-125.1149,28/05/2023,1,40,10:15,EGL,10,2,2,equ,Eupentacta quinquesemita,Stiff-footed sea cucumber,1,1,,,,,,,,,,,,,,,,,,,,,,,,,,,,
310,Kieran Cox,Em Lim,KCCA23,Flemming 114,48.8915,-125.1149,28/05/2023,1,40,10:15,EGL,10,2,2,ptr,Polycera tricolor,Tricolour nudibranch,1,1,,,,,,,,,,,,,,,,,,,,,,,,,,,,
311,Kieran Cox,Em Lim,KCCA23,Flemming 114,48.8915,-125.1149,28/05/2023,1,40,10:15,EGL,10,2,2,ogr,Oregonia gracilis,Graceful decorator crab,2,2,,,,,,,,,,,,,,,,,,,,,,,,,,,,
312,Kieran Cox,Em Lim,KCCA23,Flemming 114,48.8915,-125.1149,28/05/2023,1,40,10:15,EGL,10,2,2,pmi,Patiria miniata,Bat star,1,1,,,,,,,,,,,,,,,,,,,,,,,,,,,,
313,Kieran Cox,Em Lim,KCCA23,Flemming 114,48.8915,-125.1149,28/05/2023,1,40,10:15,EGL,10,2,2,oko,Orthasterias koehleri,Rainbow star,1,1,,,,,,,,,,,,,,,,,,,,,,,,,,,,
314,Kieran Cox,Em Lim,KCCA23,Flemming 114,48.8915,-125.1149,28/05/2023,1,40,10:15,EGL,10,2,2,etr,Evasterias troschelii,Mottled starfish,1,1,,,,,,,,,,,,,,,,,,,,,,,,,,,,
315,Kieran Cox,Em Lim,KCCA23,Flemming 114,48.8915,-125.1149,28/05/2023,1,40,10:15,EGL,10,2,2,pul,Paguristes ulreyi,Furry hermit crab,1,1,,,,,,,,,,,,,,,,,,,,,,,,,,,,
316,Kieran Cox,Em Lim,KCCA23,Flemming 114,48.8915,-125.1149,28/05/2023,1,40,10:15,EGL,10,2,2,pco,Pleuronichthys coenosus,C-o sole,1,0,,,,,,1,,,,,,,,,,,,,,,,,,,,,,
317,Kieran Cox,Em Lim,KCCA23,Flemming 114,48.8915,-125.1149,28/05/2023,1,40,10:15,EGL,10,2,2,spu,Strongylocentrotus purpuratus,Purple sea urchin,1,1,,,,,,,,,,,,,,,,,,,,,,,,,,,,
318,Kieran Cox,Em Lim,KCCA23,Flemming 114,48.8915,-125.1149,28/05/2023,1,40,10:15,EGL,10,2,2,cst,Citharichthys stigmaeus,Speckled sand dab,1,0,,,,,1,,,,,,,,,,,,,,,,,,,,,,,
319,Kieran Cox,Em Lim,KCCA23,Flemming 114,48.8915,-125.1149,28/05/2023,1,40,10:15,EGL,10,0,2,dez,Debris - Zero,No Debris found,0,0,,,,,,,,,,,,,,,,,,,,,,,,,,,,
320,Kieran Cox,Claire Attridge,KCCA3,Dodger Channel 1,48.83072,-125.19439,09/06/2023,1.5,20,10:30,KDC,2,1,2,hde,Hexagrammos decagrammus,Kelp greenling,4,0,,1,,2,1,,,,,,,,,,,,,,,,,,,,,,,
321,Kieran Cox,Claire Attridge,KCCA3,Dodger Channel 1,48.83072,-125.19439,09/06/2023,1.5,20,10:30,KDC,2,1,2,cag,Cymatogaster aggregata,Shiner perch,8,0,,6,2,,,,,,,,,,,,,,,,,,,,,,,,,
322,Kieran Cox,Claire Attridge,KCCA3,Dodger Channel 1,48.83072,-125.19439,09/06/2023,1.5,20,10:30,KDC,2,1,2,afl,Aulorhynchus flavidus,Tube-snout,18,0,,3,8,7,,,,,,,,,,,,,,,,,,,,,,,,
323,Kieran Cox,Claire Attridge,KCCA3,Dodger Channel 1,48.83072,-125.19439,09/06/2023,1.5,20,10:30,KDC,2,1,2,bfr,Brachyistius frenatus,Kelp perch,1,0,,1,,,,,,,,,,,,,,,,,,,,,,,,,,
324,Kieran Cox,Claire Attridge,KCCA3,Dodger Channel 1,48.83072,-125.19439,09/06/2023,1.5,20,10:30,KDC,2,2,2,pgi,Pomaulax gibberosus,Red turban shell,88,88,,,,,,,,,,,,,,,,,,,,,,,,,,,,
325,Kieran Cox,Claire Attridge,KCCA3,Dodger Channel 1,48.83072,-125.19439,09/06/2023,1.5,20,10:30,KDC,2,2,2,etr,Evasterias troschelii,Mottled starfish,7,7,,,,,,,,,,,,,,,,,,,,,,,,,,,,
326,Kieran Cox,Claire Attridge,KCCA3,Dodger Channel 1,48.83072,-125.19439,09/06/2023,1.5,20,10:30,KDC,2,2,2,poc,Pisaster ochraceus,Purple sea star,7,7,,,,,,,,,,,,,,,,,,,,,,,,,,,,
327,Kieran Cox,Claire Attridge,KCCA3,Dodger Channel 1,48.83072,-125.19439,09/06/2023,1.5,20,10:30,KDC,2,2,2,ami,Acmaea mitra,Whitecap limpet,2,2,,,,,,,,,,,,,,,,,,,,,,,,,,,,
328,Kieran Cox,Claire Attridge,KCCA3,Dodger Channel 1,48.83072,-125.19439,09/06/2023,1.5,20,10:30,KDC,2,0,2,bfr,Brachyistius frenatus,Kelp perch,2,0,,2,,,,,,,,,,,,,,,,,,,,,,,,,,
329,Kieran Cox,Claire Attridge,KCCA3,Dodger Channel 1,48.83072,-125.19439,09/06/2023,1.5,20,10:30,KDC,2,2,2,phe,Pycnopodia helianthoides,Sunflower star,1,0,1,,,,,,,,,,,,,,,,,,,,,,,,,,,
330,Kieran Cox,Claire Attridge,KCCA3,Dodger Channel 1,48.83072,-125.19439,09/06/2023,1.5,20,10:30,KDC,2,2,2,cgi,Crassadoma gigantea,Purple-hinged rock scallop,7,0,1,3,3,,,,,,,,,,,,,,,,,,,,,,,,,
331,Kieran Cox,Claire Attridge,KCCA3,Dodger Channel 1,48.83072,-125.19439,09/06/2023,1.5,20,10:30,KDC,2,2,2,cfo,Ceratostoma foliatum,Leafy hornmouth,4,4,,,,,,,,,,,,,,,,,,,,,,,,,,,,
332,Kieran Cox,Claire Attridge,KCCA3,Dodger Channel 1,48.83072,-125.19439,09/06/2023,1.5,20,10:30,KDC,2,2,2,pmi,Patiria miniata,Bat star,27,27,,,,,,,,,,,,,,,,,,,,,,,,,,,,
333,Kieran Cox,Claire Attridge,KCCA3,Dodger Channel 1,48.83072,-125.19439,09/06/2023,1.5,20,10:30,KDC,2,2,2,pca,Parastichopus californicus,Californian sea cucumber,23,23,,,,,,,,,,,,,,,,,,,,,,,,,,,,
334,Kieran Cox,Claire Attridge,KCCA3,Dodger Channel 1,48.83072,-125.19439,09/06/2023,1.5,20,10:30,KDC,2,2,2,nle,Neverita lewisii,Lewis' Moon snail,2,2,,,,,,,,,,,,,,,,,,,,,,,,,,,,
335,Kieran Cox,Claire Attridge,KCCA3,Dodger Channel 1,48.83072,-125.19439,09/06/2023,1.5,20,10:30,KDC,2,2,2,mfra,Mesocentrotus franciscanus,Red sea urchin,91,91,,,,,,,,,,,,,,,,,,,,,,,,,,,,
336,Kieran Cox,Claire Attridge,KCCA3,Dodger Channel 1,48.83072,-125.19439,09/06/2023,1.5,20,10:30,KDC,2,2,2,aha,Artedius harringtoni,Scalyhead sculpin,3,0,,3,,,,,,,,,,,,,,,,,,,,,,,,,,
337,Kieran Cox,Claire Attridge,KCCA3,Dodger Channel 1,48.83072,-125.19439,09/06/2023,1.5,20,10:30,KDC,2,2,2,hka,Haliotis kamtschatkana,Pinto abalone,3,0,1,2,,,,,,,,,,,,,,,,,,,,,,,,,,
338,Kieran Cox,Claire Attridge,KCCA3,Dodger Channel 1,48.83072,-125.19439,09/06/2023,1.5,20,10:30,KDC,2,2,2,nla,Nucella lamellosa,Frilled dogwinkle,1,1,,,,,,,,,,,,,,,,,,,,,,,,,,,,
339,Kieran Cox,Claire Attridge,KCCA3,Dodger Channel 1,48.83072,-125.19439,09/06/2023,1.5,20,10:30,KDC,2,2,2,dim,Dermasterias imbricata,Leather star,3,3,,,,,,,,,,,,,,,,,,,,,,,,,,,,
340,Kieran Cox,Claire Attridge,KCCA3,Dodger Channel 1,48.83072,-125.19439,09/06/2023,1.5,20,10:30,KDC,2,2,2,ppr,Pugettia producta,Northern kelp crab,9,9,,,,,,,,,,,,,,,,,,,,,,,,,,,,
341,Kieran Cox,Claire Attridge,KCCA3,Dodger Channel 1,48.83072,-125.19439,09/06/2023,1.5,20,10:30,KDC,2,2,2,pla,Pholis laeta,Crescent gunnel,1,0,,,1,,,,,,,,,,,,,,,,,,,,,,,,,
342,Kieran Cox,Claire Attridge,KCCA3,Dodger Channel 1,48.83072,-125.19439,09/06/2023,1.5,20,10:30,KDC,2,0,2,hde,Hexagrammos decagrammus,Kelp greenling,3,0,1,2,,,,,,,,,,,,,,,,,,,,,,,,,,
343,Kieran Cox,Claire Attridge,KCCA3,Dodger Channel 1,48.83072,-125.19439,09/06/2023,1.5,20,10:30,KDC,2,0,2,cpa,Clupea pallasii,Pacific Herring,75,0,,50,25,,,,,,,,,,,,,,,,,,,,,,,,,
344,Kieran Cox,Claire Attridge,KCCA3,Dodger Channel 1,48.83072,-125.19439,09/06/2023,1.5,20,10:30,KDC,2,0,2,gma,Gobiesox maeandricus,Northern clingfish,1,0,1,,,,,,,,,,,,,,,,,,,,,,,,,,,
345,Kieran Cox,Claire Attridge,KCCA3,Dodger Channel 1,48.83072,-125.19439,09/06/2023,1.5,20,10:30,KDC,2,0,2,dez,Debris - Zero,No Debris found,0,0,,,,,,,,,,,,,,,,,,,,,,,,,,,,
346,Kieran Cox,Claire Attridge,BMKC2,Tzartus 116 R,48.90084,-125.0811,10/06/2023,2.5,20,10:05,KDC,3,1,1,sca,Sebastes caurinus,Copper rockfish,21,0,,4,5,7,2,2,1,,,,,,,,,,,,,,,,,,,,,
347,Kieran Cox,Claire Attridge,BMKC2,Tzartus 116 R,48.90084,-125.0811,10/06/2023,2.5,20,10:05,KDC,3,1,1,bfr,Brachyistius frenatus,Kelp perch,9,0,,4,3,,2,,,,,,,,,,,,,,,,,,,,,,,
348,Kieran Cox,Claire Attridge,BMKC2,Tzartus 116 R,48.90084,-125.0811,10/06/2023,2.5,20,10:05,KDC,3,1,1,rva,Rhacochilus vacca,Pile perch,7,0,,,1,3,3,,,,,,,,,,,,,,,,,,,,,,,
349,Kieran Cox,Claire Attridge,BMKC2,Tzartus 116 R,48.90084,-125.0811,10/06/2023,2.5,20,10:05,KDC,3,1,1,sme,Sebastes melanops,Black rockfish,2,0,,,,,1,1,,,,,,,,,,,,,,,,,,,,,,
350,Kieran Cox,Claire Attridge,BMKC2,Tzartus 116 R,48.90084,-125.0811,10/06/2023,2.5,20,10:05,KDC,3,1,1,sma,Sebastes maliger,Quillback rockfish,2,0,,,1,1,,,,,,,,,,,,,,,,,,,,,,,,
351,Kieran Cox,Claire Attridge,BMKC2,Tzartus 116 R,48.90084,-125.0811,10/06/2023,2.5,20,10:05,KDC,3,2,1,pgi,Pomaulax gibberosus,Red turban shell,62,62,,,,,,,,,,,,,,,,,,,,,,,,,,,,
352,Kieran Cox,Claire Attridge,BMKC2,Tzartus 116 R,48.90084,-125.0811,10/06/2023,2.5,20,10:05,KDC,3,2,1,dim,Dermasterias imbricata,Leather star,18,18,,,,,,,,,,,,,,,,,,,,,,,,,,,,
353,Kieran Cox,Claire Attridge,BMKC2,Tzartus 116 R,48.90084,-125.0811,10/06/2023,2.5,20,10:05,KDC,3,2,1,phe,Pycnopodia helianthoides,Sunflower star,3,0,,1,1,,1,,,,,,,,,,,,,,,,,,,,,,,
354,Kieran Cox,Claire Attridge,BMKC2,Tzartus 116 R,48.90084,-125.0811,10/06/2023,2.5,20,10:05,KDC,3,2,1,poc,Pisaster ochraceus,Purple sea star,2,2,,,,,,,,,,,,,,,,,,,,,,,,,,,,
355,Kieran Cox,Claire Attridge,BMKC2,Tzartus 116 R,48.90084,-125.0811,10/06/2023,2.5,20,10:05,KDC,3,2,1,oko,Orthasterias koehleri,Rainbow star,1,1,,,,,,,,,,,,,,,,,,,,,,,,,,,,
356,Kieran Cox,Claire Attridge,BMKC2,Tzartus 116 R,48.90084,-125.0811,10/06/2023,2.5,20,10:05,KDC,3,2,1,rni,Rhinogobiops nicholsii,Blackeye goby,21,0,4,7,10,,,,,,,,,,,,,,,,,,,,,,,,,
357,Kieran Cox,Claire Attridge,BMKC2,Tzartus 116 R,48.90084,-125.0811,10/06/2023,2.5,20,10:05,KDC,3,2,1,pte,Pteraster tesselatus,Slime star,1,1,,,,,,,,,,,,,,,,,,,,,,,,,,,,
358,Kieran Cox,Claire Attridge,BMKC2,Tzartus 116 R,48.90084,-125.0811,10/06/2023,2.5,20,10:05,KDC,3,2,1,sca,Sebastes caurinus,Copper rockfish,3,0,,,2,1,,,,,,,,,,,,,,,,,,,,,,,,
359,Kieran Cox,Claire Attridge,BMKC2,Tzartus 116 R,48.90084,-125.0811,10/06/2023,2.5,20,10:05,KDC,3,2,1,bfr,Brachyistius frenatus,Kelp perch,1,0,,1,,,,,,,,,,,,,,,,,,,,,,,,,,
360,Kieran Cox,Claire Attridge,BMKC2,Tzartus 116 R,48.90084,-125.0811,10/06/2023,2.5,20,10:05,KDC,3,2,1,hka,Haliotis kamtschatkana,Pinto abalone,1,0,,,,1,,,,,,,,,,,,,,,,,,,,,,,,
361,Kieran Cox,Claire Attridge,BMKC2,Tzartus 116 R,48.90084,-125.0811,10/06/2023,2.5,20,10:05,KDC,3,2,1,etr,Evasterias troschelii,Mottled starfish,1,1,,,,,,,,,,,,,,,,,,,,,,,,,,,,
362,Kieran Cox,Claire Attridge,BMKC2,Tzartus 116 R,48.90084,-125.0811,10/06/2023,2.5,20,10:05,KDC,3,2,1,pre,Pentidotea resecata,Eelgrass isopod,1,1,,,,,,,,,,,,,,,,,,,,,,,,,,,,
363,Kieran Cox,Claire Attridge,BMKC2,Tzartus 116 R,48.90084,-125.0811,10/06/2023,2.5,20,10:05,KDC,3,2,1,ppr,Pugettia producta,Northern kelp crab,4,4,,,,,,,,,,,,,,,,,,,,,,,,,,,,
364,Kieran Cox,Claire Attridge,BMKC2,Tzartus 116 R,48.90084,-125.0811,10/06/2023,2.5,20,10:05,KDC,3,0,1,hde,Hexagrammos decagrammus,Kelp greenling,2,0,,1,,,1,,,,,,,,,,,,,,,,,,,,,,,
365,Kieran Cox,Claire Attridge,BMKC2,Tzartus 116 R,48.90084,-125.0811,10/06/2023,2.5,20,10:05,KDC,3,2,1,ala,Artedius lateralis,Smoothhead sculpin,1,0,,,1,,,,,,,,,,,,,,,,,,,,,,,,,
366,Kieran Cox,Claire Attridge,BMKC2,Tzartus 116 R,48.90084,-125.0811,10/06/2023,2.5,20,10:05,KDC,3,0,1,ela,Embiotoca lateralis,Striped seaperch,2,0,,,,,,1,1,,,,,,,,,,,,,,,,,,,,,
367,Kieran Cox,Claire Attridge,BMKC2,Tzartus 116 R,48.90084,-125.0811,10/06/2023,2.5,20,10:05,KDC,3,0,1,cag,Cymatogaster aggregata,Shiner perch,1,0,,,,,,1,,,,,,,,,,,,,,,,,,,,,,
368,Kieran Cox,Claire Attridge,BMKC2,Tzartus 116 R,48.90084,-125.0811,10/06/2023,2.5,20,10:05,KDC,3,0,1,afl,Aulorhynchus flavidus,Tube-snout,2,0,,2,,,,,,,,,,,,,,,,,,,,,,,,,,
369,Kieran Cox,Claire Attridge,BMKC2,Tzartus 116 R,48.90084,-125.0811,10/06/2023,2.5,20,10:05,KDC,3,0,1,dez,Debris - Zero,No Debris found,0,0,,,,,,,,,,,,,,,,,,,,,,,,,,,,
370,Kieran Cox,Claire Attridge,KCCA13,Second Beach South,48.81508,-125.17585,07/06/2023,1.5,160,9:44,KDC,4.9,1,1,hde,Hexagrammos decagrammus,Kelp greenling,4,0,,,,1,,1,1,,1,,,,,,,,,,,,,,,,,,,
371,Kieran Cox,Claire Attridge,KCCA13,Second Beach South,48.81508,-125.17585,07/06/2023,1.5,160,9:44,KDC,4.9,1,1,oel,Ophiodon elongatus,Lingcod,1,0,,,,,,,,1,,,,,,,,,,,,,,,,,,,,
372,Kieran Cox,Claire Attridge,KCCA13,Second Beach South,48.81508,-125.17585,07/06/2023,1.5,160,9:44,KDC,4.9,0,1,ebi,Enophrys bison,Buffalo sculpin,1,0,,,,,,,,1,,,,,,,,,,,,,,,,,,,,
373,Kieran Cox,Claire Attridge,KCCA13,Second Beach South,48.81508,-125.17585,07/06/2023,1.5,160,9:44,KDC,4.9,1,1,mpo,Myoxocephalus ployacanthocephalus,Great Sculpin,1,0,,,,,,1,,,,,,,,,,,,,,,,,,,,,,
374,Kieran Cox,Claire Attridge,KCCA13,Second Beach South,48.81508,-125.17585,07/06/2023,1.5,160,9:44,KDC,4.9,1,1,rva,Rhacochilus vacca,Pile perch,1,0,,,,,,,1,,,,,,,,,,,,,,,,,,,,,
375,Kieran Cox,Claire Attridge,KCCA13,Second Beach South,48.81508,-125.17585,07/06/2023,1.5,160,9:44,KDC,4.9,0,1,sme,Sebastes melanops,Black rockfish,1,0,,,,,,,,,1,,,,,,,,,,,,,,,,,,,
376,Kieran Cox,Claire Attridge,KCCA13,Second Beach South,48.81508,-125.17585,07/06/2023,1.5,160,9:44,KDC,4.9,0,1,oel,Ophiodon elongatus,Lingcod,1,0,,,,,,,,,,,,,1,,,,,,,,,,,,,,,
377,Kieran Cox,Claire Attridge,KCCA13,Second Beach South,48.81508,-125.17585,07/06/2023,1.5,160,9:44,KDC,4.9,0,1,cpa,Clupea pallasii,Pacific Herring,200,0,,50,150,,,,,,,,,,,,,,,,,,,,,,,,,
378,Kieran Cox,Claire Attridge,KCCA13,Second Beach South,48.81508,-125.17585,07/06/2023,1.5,160,9:44,KDC,4.9,2,1,henricia,Henricia spp.,Unidentified blood star,12,0,5,5,2,,,,,,,,,,,,,,,,,,,,,,,,,
379,Kieran Cox,Claire Attridge,KCCA13,Second Beach South,48.81508,-125.17585,07/06/2023,1.5,160,9:44,KDC,4.9,2,1,mfra,Mesocentrotus franciscanus,Red sea urchin,158,158,,,,,,,,,,,,,,,,,,,,,,,,,,,,
380,Kieran Cox,Claire Attridge,KCCA13,Second Beach South,48.81508,-125.17585,07/06/2023,1.5,160,9:44,KDC,4.9,2,1,oko,Orthasterias koehleri,Rainbow star,12,12,,,,,,,,,,,,,,,,,,,,,,,,,,,,
381,Kieran Cox,Claire Attridge,KCCA13,Second Beach South,48.81508,-125.17585,07/06/2023,1.5,160,9:44,KDC,4.9,2,1,aha,Artedius harringtoni,Scalyhead sculpin,7,0,1,3,3,,,,,,,,,,,,,,,,,,,,,,,,,
382,Kieran Cox,Claire Attridge,KCCA13,Second Beach South,48.81508,-125.17585,07/06/2023,1.5,160,9:44,KDC,4.9,2,1,hka,Haliotis kamtschatkana,Pinto abalone,12,0,3,3,3,3,,,,,,,,,,,,,,,,,,,,,,,,
383,Kieran Cox,Claire Attridge,KCCA13,Second Beach South,48.81508,-125.17585,07/06/2023,1.5,160,9:44,KDC,4.9,2,1,hermit,Paguroidea spp.,0,8,8,,,,,,,,,,,,,,,,,,,,,,,,,,,,
384,Kieran Cox,Claire Attridge,KCCA13,Second Beach South,48.81508,-125.17585,07/06/2023,1.5,160,9:44,KDC,4.9,2,1,hpu,Henricia pumila,Dwarf mottled henricia,1,1,,,,,,,,,,,,,,,,,,,,,,,,,,,,
385,Kieran Cox,Claire Attridge,KCCA13,Second Beach South,48.81508,-125.17585,07/06/2023,1.5,160,9:44,KDC,4.9,2,1,poc,Pisaster ochraceus,Purple sea star,5,5,,,,,,,,,,,,,,,,,,,,,,,,,,,,
386,Kieran Cox,Claire Attridge,KCCA13,Second Beach South,48.81508,-125.17585,07/06/2023,1.5,160,9:44,KDC,4.9,2,1,dim,Dermasterias imbricata,Leather star,9,9,,,,,,,,,,,,,,,,,,,,,,,,,,,,
387,Kieran Cox,Claire Attridge,KCCA13,Second Beach South,48.81508,-125.17585,07/06/2023,1.5,160,9:44,KDC,4.9,2,1,lbe,Lophopanopeus bellus,Black-clawed crab,2,2,,,,,,,,,,,,,,,,,,,,,,,,,,,,
388,Kieran Cox,Claire Attridge,KCCA13,Second Beach South,48.81508,-125.17585,07/06/2023,1.5,160,9:44,KDC,4.9,2,1,hcr,Hermissenda crassicornis,Opalescent nudibranch,12,12,,,,,,,,,,,,,,,,,,,,,,,,,,,,
389,Kieran Cox,Claire Attridge,KCCA13,Second Beach South,48.81508,-125.17585,07/06/2023,1.5,160,9:44,KDC,4.9,2,1,nla,Nucella lamellosa,Frilled dogwinkle,3,3,,,,,,,,,,,,,,,,,,,,,,,,,,,,
390,Kieran Cox,Claire Attridge,KCCA13,Second Beach South,48.81508,-125.17585,07/06/2023,1.5,160,9:44,KDC,4.9,2,1,etr,Evasterias troschelii,Mottled starfish,1,1,,,,,,,,,,,,,,,,,,,,,,,,,,,,
391,Kieran Cox,Claire Attridge,KCCA13,Second Beach South,48.81508,-125.17585,07/06/2023,1.5,160,9:44,KDC,4.9,2,1,ami,Acmaea mitra,Whitecap limpet,4,4,,,,,,,,,,,,,,,,,,,,,,,,,,,,
392,Kieran Cox,Claire Attridge,KCCA13,Second Beach South,48.81508,-125.17585,07/06/2023,1.5,160,9:44,KDC,4.9,2,1,hde,Hexagrammos decagrammus,Kelp greenling,2,0,,2,,,,,,,,,,,,,,,,,,,,,,,,,,
393,Kieran Cox,Claire Attridge,KCCA13,Second Beach South,48.81508,-125.17585,07/06/2023,1.5,160,9:44,KDC,4.9,2,1,aca,Apostichopus californicus,California sea cucumber,3,3,,,,,,,,,,,,,,,,,,,,,,,,,,,,
394,Kieran Cox,Claire Attridge,KCCA13,Second Beach South,48.81508,-125.17585,07/06/2023,1.5,160,9:44,KDC,4.9,2,1,spu,Strongylocentrotus purpuratus,Purple sea urchin,2,2,,,,,,,,,,,,,,,,,,,,,,,,,,,,
395,Kieran Cox,Claire Attridge,KCCA13,Second Beach South,48.81508,-125.17585,07/06/2023,1.5,160,9:44,KDC,4.9,2,1,ppa,Phyllolithodes papillosus,Heart crab,2,2,,,,,,,,,,,,,,,,,,,,,,,,,,,,
396,Kieran Cox,Claire Attridge,KCCA13,Second Beach South,48.81508,-125.17585,07/06/2023,1.5,160,9:44,KDC,4.9,2,1,cnu,Chirolophis nugator,Mosshead warbonnet,1,0,,,1,,,,,,,,,,,,,,,,,,,,,,,,,
397,Kieran Cox,Claire Attridge,KCCA13,Second Beach South,48.81508,-125.17585,07/06/2023,1.5,160,9:44,KDC,4.9,2,1,ebi,Enophrys bison,Buffalo sculpin,1,0,,,,,1,,,,,,,,,,,,,,,,,,,,,,,
398,Kieran Cox,Claire Attridge,KCCA13,Second Beach South,48.81508,-125.17585,07/06/2023,1.5,160,9:44,KDC,4.9,2,1,afu,Antiopella fusca,White-and-orange-tipped nudibranch,3,3,,,,,,,,,,,,,,,,,,,,,,,,,,,,
399,Kieran Cox,Claire Attridge,KCCA13,Second Beach South,48.81508,-125.17585,07/06/2023,1.5,160,9:44,KDC,4.9,2,1,dal,Dirona albolineata,White-line dirona,2,2,,,,,,,,,,,,,,,,,,,,,,,,,,,,
400,Kieran Cox,Claire Attridge,KCCA13,Second Beach South,48.81508,-125.17585,07/06/2023,1.5,160,9:44,KDC,4.9,2,1,jzo,Jordania zonope,Longfin sculpin,2,0,,2,,,,,,,,,,,,,,,,,,,,,,,,,,
401,Kieran Cox,Claire Attridge,KCCA13,Second Beach South,48.81508,-125.17585,07/06/2023,1.5,160,9:44,KDC,4.9,2,1,cfo,Ceratostoma foliatum,Leafy hornmouth,6,6,,,,,,,,,,,,,,,,,,,,,,,,,,,,
402,Kieran Cox,Claire Attridge,KCCA13,Second Beach South,48.81508,-125.17585,07/06/2023,1.5,160,9:44,KDC,4.9,2,1,phe,Pycnopodia helianthoides,Sunflower star,2,0,,2,,,,,,,,,,,,,,,,,,,,,,,,,,
403,Kieran Cox,Claire Attridge,KCCA13,Second Beach South,48.81508,-125.17585,07/06/2023,1.5,160,9:44,KDC,4.9,2,1,pgr,Pugettia gracilis,Graceful kelp crab,1,1,,,,,,,,,,,,,,,,,,,,,,,,,,,,
404,Kieran Cox,Claire Attridge,KCCA13,Second Beach South,48.81508,-125.17585,07/06/2023,1.5,160,9:44,KDC,4.9,0,1,dez,Debris - Zero,No Debris found,0,0,,,,,,,,,,,,,,,,,,,,,,,,,,,,
405,Kieran Cox,Claire Attridge,KCCA11,Ross Islet 2,48.87229,-125.1627,12/06/2023,2,150,10:30,KDC,3.5,1,1,rva,Rhacochilus vacca,Pile perch,2,0,,,,,,1,1,,,,,,,,,,,,,,,,,,,,,
406,Kieran Cox,Claire Attridge,KCCA11,Ross Islet 2,48.87229,-125.1627,12/06/2023,2,150,10:30,KDC,3.5,1,1,hde,Hexagrammos decagrammus,Kelp greenling,12,0,,1,2,2,1,3,1,2,,,,,,,,,,,,,,,,,,,,
407,Kieran Cox,Claire Attridge,KCCA11,Ross Islet 2,48.87229,-125.1627,12/06/2023,2,150,10:30,KDC,3.5,1,1,sma,Sebastes maliger,Quillback rockfish,1,0,,,1,,,,,,,,,,,,,,,,,,,,,,,,,
408,Kieran Cox,Claire Attridge,KCCA11,Ross Islet 2,48.87229,-125.1627,12/06/2023,2,150,10:30,KDC,3.5,1,1,hst,Hexagrammos stelleri,Whitespotted greenling,1,0,,,,,,1,,,,,,,,,,,,,,,,,,,,,,
409,Kieran Cox,Claire Attridge,KCCA11,Ross Islet 2,48.87229,-125.1627,12/06/2023,2,150,10:30,KDC,3.5,1,1,sca,Sebastes caurinus,Copper rockfish,1,0,,,,1,,,,,,,,,,,,,,,,,,,,,,,,
410,Kieran Cox,Claire Attridge,KCCA11,Ross Islet 2,48.87229,-125.1627,12/06/2023,2,150,10:30,KDC,3.5,2,1,pmi,Patiria miniata,Bat star,47,47,,,,,,,,,,,,,,,,,,,,,,,,,,,,
411,Kieran Cox,Claire Attridge,KCCA11,Ross Islet 2,48.87229,-125.1627,12/06/2023,2,150,10:30,KDC,3.5,2,1,pgi,Pomaulax gibberosus,Red turban shell,135,135,,,,,,,,,,,,,,,,,,,,,,,,,,,,
412,Kieran Cox,Claire Attridge,KCCA11,Ross Islet 2,48.87229,-125.1627,12/06/2023,2,150,10:30,KDC,3.5,2,1,mfra,Mesocentrotus franciscanus,Red sea urchin,134,134,,,,,,,,,,,,,,,,,,,,,,,,,,,,
413,Kieran Cox,Claire Attridge,KCCA11,Ross Islet 2,48.87229,-125.1627,12/06/2023,2,150,10:30,KDC,3.5,2,1,dim,Dermasterias imbricata,Leather star,7,7,,,,,,,,,,,,,,,,,,,,,,,,,,,,
414,Kieran Cox,Claire Attridge,KCCA11,Ross Islet 2,48.87229,-125.1627,12/06/2023,2,150,10:30,KDC,3.5,0,1,hde,Hexagrammos decagrammus,Kelp greenling,2,0,,2,,,,,,,,,,,,,,,,,,,,,,,,,,
415,Kieran Cox,Claire Attridge,KCCA11,Ross Islet 2,48.87229,-125.1627,12/06/2023,2,150,10:30,KDC,3.5,2,1,rni,Rhinogobiops nicholsii,Blackeye goby,52,0,7,18,13,13,1,,,,,,,,,,,,,,,,,,,,,,,
416,Kieran Cox,Claire Attridge,KCCA11,Ross Islet 2,48.87229,-125.1627,12/06/2023,2,150,10:30,KDC,3.5,2,1,pca,Parastichopus californicus,Californian sea cucumber,7,7,,,,,,,,,,,,,,,,,,,,,,,,,,,,
417,Kieran Cox,Claire Attridge,KCCA11,Ross Islet 2,48.87229,-125.1627,12/06/2023,2,150,10:30,KDC,3.5,2,1,cfo,Ceratostoma foliatum,Leafy hornmouth,4,4,,,,,,,,,,,,,,,,,,,,,,,,,,,,
418,Kieran Cox,Claire Attridge,KCCA11,Ross Islet 2,48.87229,-125.1627,12/06/2023,2,150,10:30,KDC,3.5,2,1,oko,Orthasterias koehleri,Rainbow star,11,11,,,,,,,,,,,,,,,,,,,,,,,,,,,,
419,Kieran Cox,Claire Attridge,KCCA11,Ross Islet 2,48.87229,-125.1627,12/06/2023,2,150,10:30,KDC,3.5,2,1,cgi,Crassadoma gigantea,Purple-hinged rock scallop,1,0,,1,,,,,,,,,,,,,,,,,,,,,,,,,,
420,Kieran Cox,Claire Attridge,KCCA11,Ross Islet 2,48.87229,-125.1627,12/06/2023,2,150,10:30,KDC,3.5,2,1,pla,Pholis laeta,Crescent gunnel,1,0,,,1,,,,,,,,,,,,,,,,,,,,,,,,,
421,Kieran Cox,Claire Attridge,KCCA11,Ross Islet 2,48.87229,-125.1627,12/06/2023,2,150,10:30,KDC,3.5,2,1,ogr,Oregonia gracilis,Graceful decorator crab,1,1,,,,,,,,,,,,,,,,,,,,,,,,,,,,
422,Kieran Cox,Claire Attridge,KCCA11,Ross Islet 2,48.87229,-125.1627,12/06/2023,2,150,10:30,KDC,3.5,2,1,opi,Oxylebius pictus,Painted greenling,1,0,,,1,,,,,,,,,,,,,,,,,,,,,,,,,
423,Kieran Cox,Claire Attridge,KCCA11,Ross Islet 2,48.87229,-125.1627,12/06/2023,2,150,10:30,KDC,3.5,2,1,sfo,Stylasterias forreri,Velcro seastar,1,1,,,,,,,,,,,,,,,,,,,,,,,,,,,,
424,Kieran Cox,Claire Attridge,KCCA11,Ross Islet 2,48.87229,-125.1627,12/06/2023,2,150,10:30,KDC,3.5,0,1,dez,Debris - Zero,No Debris found,0,0,,,,,,,,,,,,,,,,,,,,,,,,,,,,
425,Kieran Cox,Claire Attridge,KCCA6,Less Dangerous Bay,48.87535,-125.0915,13/6/2023,3,40,8:56,KDC,3.2,1,2,hde,Hexagrammos decagrammus,Kelp greenling,8,0,,,,,1,1,2,3,1,,,,,,,,,,,,,,,,,,,
426,Kieran Cox,Claire Attridge,KCCA6,Less Dangerous Bay,48.87535,-125.0915,13/6/2023,3,40,8:56,KDC,3.2,1,2,rva,Rhacochilus vacca,Pile perch,2,0,,,2,,,,,,,,,,,,,,,,,,,,,,,,,
427,Kieran Cox,Claire Attridge,KCCA6,Less Dangerous Bay,48.87535,-125.0915,13/6/2023,3,40,8:56,KDC,3.2,2,2,mfra,Mesocentrotus franciscanus,Red sea urchin,4,4,,,,,,,,,,,,,,,,,,,,,,,,,,,,
428,Kieran Cox,Claire Attridge,KCCA6,Less Dangerous Bay,48.87535,-125.0915,13/6/2023,3,40,8:56,KDC,3.2,2,2,pmi,Patiria miniata,Bat star,40,40,,,,,,,,,,,,,,,,,,,,,,,,,,,,
429,Kieran Cox,Claire Attridge,KCCA6,Less Dangerous Bay,48.87535,-125.0915,13/6/2023,3,40,8:56,KDC,3.2,2,2,oko,Orthasterias koehleri,Rainbow star,1,1,,,,,,,,,,,,,,,,,,,,,,,,,,,,
430,Kieran Cox,Claire Attridge,KCCA6,Less Dangerous Bay,48.87535,-125.0915,13/6/2023,3,40,8:56,KDC,3.2,2,2,rni,Rhinogobiops nicholsii,Blackeye goby,2,0,,2,,,,,,,,,,,,,,,,,,,,,,,,,,
431,Kieran Cox,Claire Attridge,KCCA6,Less Dangerous Bay,48.87535,-125.0915,13/6/2023,3,40,8:56,KDC,3.2,2,2,pgr,Pugettia gracilis,Graceful kelp crab,1,1,,,,,,,,,,,,,,,,,,,,,,,,,,,,
432,Kieran Cox,Claire Attridge,KCCA6,Less Dangerous Bay,48.87535,-125.0915,13/6/2023,3,40,8:56,KDC,3.2,2,2,etr,Evasterias troschelii,Mottled starfish,3,3,,,,,,,,,,,,,,,,,,,,,,,,,,,,
433,Kieran Cox,Claire Attridge,KCCA6,Less Dangerous Bay,48.87535,-125.0915,13/6/2023,3,40,8:56,KDC,3.2,2,2,cpr,Cancer productus,Red rock crab,6,6,,,,,,,,,,,,,,,,,,,,,,,,,,,,
434,Kieran Cox,Claire Attridge,KCCA6,Less Dangerous Bay,48.87535,-125.0915,13/6/2023,3,40,8:56,KDC,3.2,2,2,dim,Dermasterias imbricata,Leather star,5,5,,,,,,,,,,,,,,,,,,,,,,,,,,,,
435,Kieran Cox,Claire Attridge,KCCA6,Less Dangerous Bay,48.87535,-125.0915,13/6/2023,3,40,8:56,KDC,3.2,2,2,pca,Parastichopus californicus,Californian sea cucumber,3,3,,,,,,,,,,,,,,,,,,,,,,,,,,,,
436,Kieran Cox,Claire Attridge,KCCA6,Less Dangerous Bay,48.87535,-125.0915,13/6/2023,3,40,8:56,KDC,3.2,2,2,phe,Pycnopodia helianthoides,Sunflower star,1,0,,,1,,,,,,,,,,,,,,,,,,,,,,,,,
437,Kieran Cox,Claire Attridge,KCCA6,Less Dangerous Bay,48.87535,-125.0915,13/6/2023,3,40,8:56,KDC,3.2,0,2,dez,Debris - Zero,No Debris found,0,0,,,,,,,,,,,,,,,,,,,,,,,,,,,,
438,Kieran Cox,Claire Attridge,KCCA7,Ed King East Inside,48.83608,-125.2131,06/06/2023,2,120,10:20,KDC,2,1,2,ela,Embiotoca lateralis,Striped seaperch,3,0,,,,1,,,2,,,,,,,,,,,,,,,,,,,,,
439,Kieran Cox,Claire Attridge,KCCA7,Ed King East Inside,48.83608,-125.2131,06/06/2023,2,120,10:20,KDC,2,1,2,bfr,Brachyistius frenatus,Kelp perch,1,0,,1,,,,,,,,,,,,,,,,,,,,,,,,,,
440,Kieran Cox,Claire Attridge,KCCA7,Ed King East Inside,48.83608,-125.2131,06/06/2023,2,120,10:20,KDC,2,1,2,afl,Aulorhynchus flavidus,Tube-snout,23,0,15,6,2,,,,,,,,,,,,,,,,,,,,,,,,,
441,Kieran Cox,Claire Attridge,KCCA7,Ed King East Inside,48.83608,-125.2131,06/06/2023,2,120,10:20,KDC,2,1,2,hde,Hexagrammos decagrammus,Kelp greenling,8,0,,,,,1,1,3,1,1,1,,,,,,,,,,,,,,,,,,
442,Kieran Cox,Claire Attridge,KCCA7,Ed King East Inside,48.83608,-125.2131,06/06/2023,2,120,10:20,KDC,2,1,2,sme,Sebastes melanops,Black rockfish,1,0,,,,,1,,,,,,,,,,,,,,,,,,,,,,,
443,Kieran Cox,Claire Attridge,KCCA7,Ed King East Inside,48.83608,-125.2131,06/06/2023,2,120,10:20,KDC,2,1,2,rva,Rhacochilus vacca,Pile perch,3,0,,,,2,,,1,,,,,,,,,,,,,,,,,,,,,
444,Kieran Cox,Claire Attridge,KCCA7,Ed King East Inside,48.83608,-125.2131,06/06/2023,2,120,10:20,KDC,2,1,2,cag,Cymatogaster aggregata,Shiner perch,7,0,,4,3,,,,,,,,,,,,,,,,,,,,,,,,,
445,Kieran Cox,Claire Attridge,KCCA7,Ed King East Inside,48.83608,-125.2131,06/06/2023,2,120,10:20,KDC,2,2,2,mfra,Mesocentrotus franciscanus,Red sea urchin,252,252,,,,,,,,,,,,,,,,,,,,,,,,,,,,
446,Kieran Cox,Claire Attridge,KCCA7,Ed King East Inside,48.83608,-125.2131,06/06/2023,2,120,10:20,KDC,2,2,2,pca,Parastichopus californicus,Californian sea cucumber,3,3,,,,,,,,,,,,,,,,,,,,,,,,,,,,
447,Kieran Cox,Claire Attridge,KCCA7,Ed King East Inside,48.83608,-125.2131,06/06/2023,2,120,10:20,KDC,2,2,2,pmi,Patiria miniata,Bat star,12,0,,,,,,,,,,,,,,,,,,,,,,,,,,,,
448,Kieran Cox,Claire Attridge,KCCA7,Ed King East Inside,48.83608,-125.2131,06/06/2023,2,120,10:20,KDC,2,2,2,hka,Haliotis kamtschatkana,Pinto abalone,51,0,3,19,17,12,,,,,,,,,,,,,,,,,,,,,,,,
449,Kieran Cox,Claire Attridge,KCCA7,Ed King East Inside,48.83608,-125.2131,06/06/2023,2,120,10:20,KDC,2,2,2,ami,Acmaea mitra,Whitecap limpet,21,21,,,,,,,,,,,,,,,,,,,,,,,,,,,,
450,Kieran Cox,Claire Attridge,KCCA7,Ed King East Inside,48.83608,-125.2131,06/06/2023,2,120,10:20,KDC,2,2,2,oko,Orthasterias koehleri,Rainbow star,6,6,,,,,,,,,,,,,,,,,,,,,,,,,,,,
451,Kieran Cox,Claire Attridge,KCCA7,Ed King East Inside,48.83608,-125.2131,06/06/2023,2,120,10:20,KDC,2,2,2,cfo,Ceratostoma foliatum,Leafy hornmouth,3,3,,,,,,,,,,,,,,,,,,,,,,,,,,,,
452,Kieran Cox,Claire Attridge,KCCA7,Ed King East Inside,48.83608,-125.2131,06/06/2023,2,120,10:20,KDC,2,2,2,lsc,Lottia scutum,Plate limpet,4,4,,,,,,,,,,,,,,,,,,,,,,,,,,,,
453,Kieran Cox,Claire Attridge,KCCA7,Ed King East Inside,48.83608,-125.2131,06/06/2023,2,120,10:20,KDC,2,2,2,poc,Pisaster ochraceus,Purple sea star,12,12,,,,,,,,,,,,,,,,,,,,,,,,,,,,
454,Kieran Cox,Claire Attridge,KCCA7,Ed King East Inside,48.83608,-125.2131,06/06/2023,2,120,10:20,KDC,2,2,2,pgi,Pomaulax gibberosus,Red turban shell,8,8,,,,,,,,,,,,,,,,,,,,,,,,,,,,
455,Kieran Cox,Claire Attridge,KCCA7,Ed King East Inside,48.83608,-125.2131,06/06/2023,2,120,10:20,KDC,2,2,2,dim,Dermasterias imbricata,Leather star,4,4,,,,,,,,,,,,,,,,,,,,,,,,,,,,
456,Kieran Cox,Claire Attridge,KCCA7,Ed King East Inside,48.83608,-125.2131,06/06/2023,2,120,10:20,KDC,2,2,2,das,Diodora aspera,Rough Keyhold Limpet,4,4,,,,,,,,,,,,,,,,,,,,,,,,,,,,
457,Kieran Cox,Claire Attridge,KCCA7,Ed King East Inside,48.83608,-125.2131,06/06/2023,2,120,10:20,KDC,2,2,2,cottidae,Cottidae spp.,0,1,0,,1,,,,,,,,,,,,,,,,,,,,,,,,,,
458,Kieran Cox,Claire Attridge,KCCA7,Ed King East Inside,48.83608,-125.2131,06/06/2023,2,120,10:20,KDC,2,2,2,aha,Artedius harringtoni,Scalyhead sculpin,6,0,2,4,,,,,,,,,,,,,,,,,,,,,,,,,,
459,Kieran Cox,Claire Attridge,KCCA7,Ed King East Inside,48.83608,-125.2131,06/06/2023,2,120,10:20,KDC,2,2,2,cgi,Crassadoma gigantea,Purple-hinged rock scallop,2,0,,,,2,,,,,,,,,,,,,,,,,,,,,,,,
460,Kieran Cox,Claire Attridge,KCCA7,Ed King East Inside,48.83608,-125.2131,06/06/2023,2,120,10:20,KDC,2,2,2,spu,Strongylocentrotus purpuratus,Purple sea urchin,7,7,,,,,,,,,,,,,,,,,,,,,,,,,,,,
461,Kieran Cox,Claire Attridge,KCCA7,Ed King East Inside,48.83608,-125.2131,06/06/2023,2,120,10:20,KDC,2,2,2,jzo,Jordania zonope,Longfin sculpin,3,0,1,2,,,,,,,,,,,,,,,,,,,,,,,,,,
462,Kieran Cox,Claire Attridge,KCCA7,Ed King East Inside,48.83608,-125.2131,06/06/2023,2,120,10:20,KDC,2,2,2,pac,Pagurus acadianus,Acadian hermit crab,1,1,,,,,,,,,,,,,,,,,,,,,,,,,,,,
463,Kieran Cox,Claire Attridge,KCCA7,Ed King East Inside,48.83608,-125.2131,06/06/2023,2,120,10:20,KDC,2,2,2,rni,Rhinogobiops nicholsii,Blackeye goby,1,0,,1,,,,,,,,,,,,,,,,,,,,,,,,,,
464,Kieran Cox,Claire Attridge,KCCA7,Ed King East Inside,48.83608,-125.2131,06/06/2023,2,120,10:20,KDC,2,0,2,dez,Debris - Zero,No Debris found,0,0,,,,,,,,,,,,,,,,,,,,,,,,,,,,
465,Kieran Cox,Claire Attridge,KCCA1,Ross Islet Slug Island,48.87039,-125.1599,14/06/2023,3.5,90,10:14,KDC,2.7,1,1,hde,Hexagrammos decagrammus,Kelp greenling,8,0,,1,,,2,2,1,1,1,,,,,,,,,,,,,,,,,,,
466,Kieran Cox,Claire Attridge,KCCA1,Ross Islet Slug Island,48.87039,-125.1599,14/06/2023,3.5,90,10:14,KDC,2.7,1,1,opi,Oxylebius pictus,Painted greenling,2,0,,,,,1,1,,,,,,,,,,,,,,,,,,,,,,
467,Kieran Cox,Claire Attridge,KCCA1,Ross Islet Slug Island,48.87039,-125.1599,14/06/2023,3.5,90,10:14,KDC,2.7,1,1,sca,Sebastes caurinus,Copper rockfish,5,0,,,2,1,1,1,,,,,,,,,,,,,,,,,,,,,,
468,Kieran Cox,Claire Attridge,KCCA1,Ross Islet Slug Island,48.87039,-125.1599,14/06/2023,3.5,90,10:14,KDC,2.7,1,1,sfl,Sebastes flavidus,Yellowtail rockfish,1,0,,,,,1,,,,,,,,,,,,,,,,,,,,,,,
469,Kieran Cox,Claire Attridge,KCCA1,Ross Islet Slug Island,48.87039,-125.1599,14/06/2023,3.5,90,10:14,KDC,2.7,2,1,hka,Haliotis kamtschatkana,Pinto abalone,23,0,8,5,7,2,1,,,,,,,,,,,,,,,,,,,,,,,
470,Kieran Cox,Claire Attridge,KCCA1,Ross Islet Slug Island,48.87039,-125.1599,14/06/2023,3.5,90,10:14,KDC,2.7,2,1,oko,Orthasterias koehleri,Rainbow star,3,3,,,,,,,,,,,,,,,,,,,,,,,,,,,,
471,Kieran Cox,Claire Attridge,KCCA1,Ross Islet Slug Island,48.87039,-125.1599,14/06/2023,3.5,90,10:14,KDC,2.7,2,1,dim,Dermasterias imbricata,Leather star,6,6,,,,,,,,,,,,,,,,,,,,,,,,,,,,
472,Kieran Cox,Claire Attridge,KCCA1,Ross Islet Slug Island,48.87039,-125.1599,14/06/2023,3.5,90,10:14,KDC,2.7,2,1,rni,Rhinogobiops nicholsii,Blackeye goby,40,0,10,10,10,10,,,,,,,,,,,,,,,,,,,,,,,,
473,Kieran Cox,Claire Attridge,KCCA1,Ross Islet Slug Island,48.87039,-125.1599,14/06/2023,3.5,90,10:14,KDC,2.7,2,1,pmi,Patiria miniata,Bat star,48,48,,,,,,,,,,,,,,,,,,,,,,,,,,,,
474,Kieran Cox,Claire Attridge,KCCA1,Ross Islet Slug Island,48.87039,-125.1599,14/06/2023,3.5,90,10:14,KDC,2.7,2,1,pgi,Pomaulax gibberosus,Red turban shell,26,26,,,,,,,,,,,,,,,,,,,,,,,,,,,,
475,Kieran Cox,Claire Attridge,KCCA1,Ross Islet Slug Island,48.87039,-125.1599,14/06/2023,3.5,90,10:14,KDC,2.7,2,1,aca,Apostichopus californicus,California sea cucumber,17,17,,,,,,,,,,,,,,,,,,,,,,,,,,,,
476,Kieran Cox,Claire Attridge,KCCA1,Ross Islet Slug Island,48.87039,-125.1599,14/06/2023,3.5,90,10:14,KDC,2.7,2,1,mfra,Mesocentrotus franciscanus,Red sea urchin,87,87,,,,,,,,,,,,,,,,,,,,,,,,,,,,
477,Kieran Cox,Claire Attridge,KCCA1,Ross Islet Slug Island,48.87039,-125.1599,14/06/2023,3.5,90,10:14,KDC,2.7,2,1,henricia,Henricia spp.,Unidentified blood star,1,1,,,,,,,,,,,,,,,,,,,,,,,,,,,,
478,Kieran Cox,Claire Attridge,KCCA1,Ross Islet Slug Island,48.87039,-125.1599,14/06/2023,3.5,90,10:14,KDC,2.7,2,1,pgr,Pugettia gracilis,Graceful kelp crab,6,6,,,,,,,,,,,,,,,,,,,,,,,,,,,,
479,Kieran Cox,Claire Attridge,KCCA1,Ross Islet Slug Island,48.87039,-125.1599,14/06/2023,3.5,90,10:14,KDC,2.7,2,1,cgi,Crassadoma gigantea,Purple-hinged rock scallop,4,0,,,2,2,,,,,,,,,,,,,,,,,,,,,,,,
480,Kieran Cox,Claire Attridge,KCCA1,Ross Islet Slug Island,48.87039,-125.1599,14/06/2023,3.5,90,10:14,KDC,2.7,2,1,das,Diodora aspera,Rough Keyhold Limpet,11,11,,,,,,,,,,,,,,,,,,,,,,,,,,,,
481,Kieran Cox,Claire Attridge,KCCA1,Ross Islet Slug Island,48.87039,-125.1599,14/06/2023,3.5,90,10:14,KDC,2.7,2,1,etr,Evasterias troschelii,Mottled starfish,3,3,,,,,,,,,,,,,,,,,,,,,,,,,,,,
482,Kieran Cox,Claire Attridge,KCCA1,Ross Islet Slug Island,48.87039,-125.1599,14/06/2023,3.5,90,10:14,KDC,2.7,2,1,jzo,Jordania zonope,Longfin sculpin,1,0,,1,,,,,,,,,,,,,,,,,,,,,,,,,,
483,Kieran Cox,Claire Attridge,KCCA1,Ross Islet Slug Island,48.87039,-125.1599,14/06/2023,3.5,90,10:14,KDC,2.7,2,1,pla,Pholis laeta,Crescent gunnel,1,0,,,,1,,,,,,,,,,,,,,,,,,,,,,,,
484,Kieran Cox,Claire Attridge,KCCA1,Ross Islet Slug Island,48.87039,-125.1599,14/06/2023,3.5,90,10:14,KDC,2.7,2,1,afl,Apodichthys flavidus,Penpoint gunnel,1,0,,,,1,,,,,,,,,,,,,,,,,,,,,,,,
485,Kieran Cox,Claire Attridge,KCCA1,Ross Islet Slug Island,48.87039,-125.1599,14/06/2023,3.5,90,10:14,KDC,2.7,2,1,cpr,Cancer productus,Red rock crab,1,1,,,,,,,,,,,,,,,,,,,,,,,,,,,,
486,Kieran Cox,Claire Attridge,KCCA1,Ross Islet Slug Island,48.87039,-125.1599,14/06/2023,3.5,90,10:14,KDC,2.7,2,1,cfo,Ceratostoma foliatum,Leafy hornmouth,3,3,,,,,,,,,,,,,,,,,,,,,,,,,,,,
487,Kieran Cox,Claire Attridge,KCCA1,Ross Islet Slug Island,48.87039,-125.1599,14/06/2023,3.5,90,10:14,KDC,2.7,0,1,dez,Debris - Zero,No Debris found,0,0,,,,,,,,,,,,,,,,,,,,,,,,,,,,
